G1:DER_DATA_H,16384.0 Hz
H1:ASC-AS_A_DC_NSUM_OUT_DQ,2048.0 Hz
H1:ASC-CHARD_P_IN1_DQ,256.0 Hz
H1:ASC-CHARD_P_INMON,16.0 Hz
H1:ASC-CHARD_P_OUT_DQ,512.0 Hz
H1:ASC-CHARD_P_OUT_DQ,512.0 Hz
H1:ASC-CHARD_Y_IN1_DQ,256.0 Hz
H1:ASC-CHARD_Y_INMON,16.0 Hz
H1:ASC-CHARD_Y_OUT_DQ,512.0 Hz
H1:ASC-CHARD_Y_OUT_DQ,512.0 Hz
H1:ASC-CSOFT_P_IN1_DQ,256.0 Hz
H1:ASC-CSOFT_P_INMON,16.0 Hz
H1:ASC-CSOFT_P_OUT_DQ,512.0 Hz
H1:ASC-CSOFT_Y_IN1_DQ,256.0 Hz
H1:ASC-CSOFT_Y_INMON,16.0 Hz
H1:ASC-CSOFT_Y_OUT_DQ,512.0 Hz
H1:ASC-DHARD_P_IN1_DQ,256.0 Hz
H1:ASC-DHARD_P_INMON,16.0 Hz
H1:ASC-DHARD_P_OUT_DQ,512.0 Hz
H1:ASC-DHARD_P_OUT_DQ,512.0 Hz
H1:ASC-DHARD_Y_IN1_DQ,256.0 Hz
H1:ASC-DHARD_Y_INMON,16.0 Hz
H1:ASC-DHARD_Y_OUT_DQ,512.0 Hz
H1:ASC-DHARD_Y_OUT_DQ,512.0 Hz
H1:ASC-DSOFT_P_IN1_DQ,256.0 Hz
H1:ASC-DSOFT_P_INMON,16.0 Hz
H1:ASC-DSOFT_P_OUT_DQ,512.0 Hz
H1:ASC-DSOFT_Y_IN1_DQ,256.0 Hz
H1:ASC-DSOFT_Y_INMON,16.0 Hz
H1:ASC-DSOFT_Y_OUT_DQ,512.0 Hz
H1:ASC-INP1_P_IN1_DQ,256.0 Hz
H1:ASC-INP1_P_IN1_DQ,256.0 Hz
H1:ASC-INP1_P_INMON,16.0 Hz
H1:ASC-INP1_P_OUT_DQ,512.0 Hz
H1:ASC-INP1_Y_IN1_DQ,256.0 Hz
H1:ASC-INP1_Y_INMON,16.0 Hz
H1:ASC-INP1_Y_OUT_DQ,512.0 Hz
H1:ASC-MICH_P_IN1_DQ,256.0 Hz
H1:ASC-MICH_P_INMON,16.0 Hz
H1:ASC-MICH_P_OUT_DQ,512.0 Hz
H1:ASC-MICH_Y_IN1_DQ,256.0 Hz
H1:ASC-MICH_Y_INMON,16.0 Hz
H1:ASC-MICH_Y_OUT_DQ,512.0 Hz
H1:ASC-PRC1_P_IN1_DQ,256.0 Hz
H1:ASC-PRC1_P_IN1_DQ,256.0 Hz
H1:ASC-PRC1_P_INMON,16.0 Hz
H1:ASC-PRC1_P_OUT_DQ,512.0 Hz
H1:ASC-PRC1_Y_IN1_DQ,256.0 Hz
H1:ASC-PRC1_Y_INMON,16.0 Hz
H1:ASC-PRC1_Y_OUT_DQ,512.0 Hz
H1:ASC-PRC2_P_IN1_DQ,256.0 Hz
H1:ASC-PRC2_P_INMON,16.0 Hz
H1:ASC-PRC2_P_OUT_DQ,512.0 Hz
H1:ASC-PRC2_Y_IN1_DQ,256.0 Hz
H1:ASC-PRC2_Y_INMON,16.0 Hz
H1:ASC-PRC2_Y_OUT_DQ,512.0 Hz
H1:ASC-SRC1_P_IN1_DQ,256.0 Hz
H1:ASC-SRC1_P_INMON,16.0 Hz
H1:ASC-SRC1_P_OUT_DQ,512.0 Hz
H1:ASC-SRC1_Y_IN1_DQ,256.0 Hz
H1:ASC-SRC1_Y_INMON,16.0 Hz
H1:ASC-SRC1_Y_OUT_DQ,512.0 Hz
H1:ASC-SRC2_P_IN1_DQ,256.0 Hz
H1:ASC-SRC2_P_INMON,16.0 Hz
H1:ASC-SRC2_P_OUT_DQ,512.0 Hz
H1:ASC-SRC2_Y_IN1_DQ,256.0 Hz
H1:ASC-SRC2_Y_INMON,16.0 Hz
H1:ASC-SRC2_Y_OUT_DQ,512.0 Hz
H1:ASC-X_TR_A_NSUM_OUT_DQ,2048.0 Hz
H1:ASC-X_TR_A_PIT_OUT_DQ,2048.0 Hz
H1:ASC-X_TR_A_YAW_OUT_DQ,2048.0 Hz
H1:ASC-X_TR_B_NSUM_OUT_DQ,2048.0 Hz
H1:ASC-X_TR_B_PIT_OUT_DQ,2048.0 Hz
H1:ASC-X_TR_B_YAW_OUT_DQ,2048.0 Hz
H1:ASC-Y_TR_A_NSUM_OUT_DQ,2048.0 Hz
H1:ASC-Y_TR_A_PIT_OUT_DQ,2048.0 Hz
H1:ASC-Y_TR_A_YAW_OUT_DQ,2048.0 Hz
H1:ASC-Y_TR_B_NSUM_OUT_DQ,2048.0 Hz
H1:ASC-Y_TR_B_PIT_OUT_DQ,2048.0 Hz
H1:ASC-Y_TR_B_YAW_OUT_DQ,2048.0 Hz
H1:CAL-PCALY_RX_PD_OUT_DQ,16384.0 Hz
H1:DCS-CALIB_STRAIN_C01_AR,16384.0 Hz
H1:DCS-CALIB_STRAIN_CLEAN_C01_AR,16384.0 Hz
H1:DCS-CALIB_STRAIN_CLEAN_SUB60HZ_C01_AR,16384.0 Hz
H1:DMT-DQ_VECTOR_GATED,16.0 Hz
H1:HPI-BS_BLND_L4C_HP_IN1_DQ,1024.0 Hz
H1:HPI-BS_BLND_L4C_RX_IN1_DQ,1024.0 Hz
H1:HPI-BS_BLND_L4C_RY_IN1_DQ,1024.0 Hz
H1:HPI-BS_BLND_L4C_RZ_IN1_DQ,1024.0 Hz
H1:HPI-BS_BLND_L4C_VP_IN1_DQ,1024.0 Hz
H1:HPI-BS_BLND_L4C_X_IN1_DQ,1024.0 Hz
H1:HPI-BS_BLND_L4C_Y_IN1_DQ,1024.0 Hz
H1:HPI-BS_BLND_L4C_Z_IN1_DQ,1024.0 Hz
H1:HPI-ETMX_BLND_L4C_HP_IN1_DQ,1024.0 Hz
H1:HPI-ETMX_BLND_L4C_RX_IN1_DQ,1024.0 Hz
H1:HPI-ETMX_BLND_L4C_RY_IN1_DQ,1024.0 Hz
H1:HPI-ETMX_BLND_L4C_RZ_IN1_DQ,1024.0 Hz
H1:HPI-ETMX_BLND_L4C_VP_IN1_DQ,1024.0 Hz
H1:HPI-ETMX_BLND_L4C_X_IN1_DQ,1024.0 Hz
H1:HPI-ETMX_BLND_L4C_Y_IN1_DQ,1024.0 Hz
H1:HPI-ETMX_BLND_L4C_Z_IN1_DQ,1024.0 Hz
H1:HPI-ETMY_BLND_L4C_HP_IN1_DQ,1024.0 Hz
H1:HPI-ETMY_BLND_L4C_RX_IN1_DQ,1024.0 Hz
H1:HPI-ETMY_BLND_L4C_RY_IN1_DQ,1024.0 Hz
H1:HPI-ETMY_BLND_L4C_RZ_IN1_DQ,1024.0 Hz
H1:HPI-ETMY_BLND_L4C_VP_IN1_DQ,1024.0 Hz
H1:HPI-ETMY_BLND_L4C_X_IN1_DQ,1024.0 Hz
H1:HPI-ETMY_BLND_L4C_Y_IN1_DQ,1024.0 Hz
H1:HPI-ETMY_BLND_L4C_Z_IN1_DQ,1024.0 Hz
H1:HPI-HAM1_BLND_L4C_HP_IN1_DQ,1024.0 Hz
H1:HPI-HAM1_BLND_L4C_RX_IN1_DQ,1024.0 Hz
H1:HPI-HAM1_BLND_L4C_RX_IN1_DQ,1024.0 Hz
H1:HPI-HAM1_BLND_L4C_RY_IN1_DQ,1024.0 Hz
H1:HPI-HAM1_BLND_L4C_RY_IN1_DQ,1024.0 Hz
H1:HPI-HAM1_BLND_L4C_RZ_IN1_DQ,1024.0 Hz
H1:HPI-HAM1_BLND_L4C_RZ_IN1_DQ,1024.0 Hz
H1:HPI-HAM1_BLND_L4C_VP_IN1_DQ,1024.0 Hz
H1:HPI-HAM1_BLND_L4C_X_IN1_DQ,1024.0 Hz
H1:HPI-HAM1_BLND_L4C_X_IN1_DQ,1024.0 Hz
H1:HPI-HAM1_BLND_L4C_Y_IN1_DQ,1024.0 Hz
H1:HPI-HAM1_BLND_L4C_Y_IN1_DQ,1024.0 Hz
H1:HPI-HAM1_BLND_L4C_Z_IN1_DQ,1024.0 Hz
H1:HPI-HAM1_BLND_L4C_Z_IN1_DQ,1024.0 Hz
H1:HPI-HAM2_BLND_L4C_HP_IN1_DQ,1024.0 Hz
H1:HPI-HAM2_BLND_L4C_RX_IN1_DQ,1024.0 Hz
H1:HPI-HAM2_BLND_L4C_RY_IN1_DQ,1024.0 Hz
H1:HPI-HAM2_BLND_L4C_RZ_IN1_DQ,1024.0 Hz
H1:HPI-HAM2_BLND_L4C_VP_IN1_DQ,1024.0 Hz
H1:HPI-HAM2_BLND_L4C_X_IN1_DQ,1024.0 Hz
H1:HPI-HAM2_BLND_L4C_Y_IN1_DQ,1024.0 Hz
H1:HPI-HAM2_BLND_L4C_Z_IN1_DQ,1024.0 Hz
H1:HPI-HAM3_BLND_L4C_HP_IN1_DQ,1024.0 Hz
H1:HPI-HAM3_BLND_L4C_RX_IN1_DQ,1024.0 Hz
H1:HPI-HAM3_BLND_L4C_RY_IN1_DQ,1024.0 Hz
H1:HPI-HAM3_BLND_L4C_RZ_IN1_DQ,1024.0 Hz
H1:HPI-HAM3_BLND_L4C_VP_IN1_DQ,1024.0 Hz
H1:HPI-HAM3_BLND_L4C_X_IN1_DQ,1024.0 Hz
H1:HPI-HAM3_BLND_L4C_Y_IN1_DQ,1024.0 Hz
H1:HPI-HAM3_BLND_L4C_Z_IN1_DQ,1024.0 Hz
H1:HPI-HAM4_BLND_L4C_HP_IN1_DQ,1024.0 Hz
H1:HPI-HAM4_BLND_L4C_RX_IN1_DQ,1024.0 Hz
H1:HPI-HAM4_BLND_L4C_RY_IN1_DQ,1024.0 Hz
H1:HPI-HAM4_BLND_L4C_RZ_IN1_DQ,1024.0 Hz
H1:HPI-HAM4_BLND_L4C_VP_IN1_DQ,1024.0 Hz
H1:HPI-HAM4_BLND_L4C_X_IN1_DQ,1024.0 Hz
H1:HPI-HAM4_BLND_L4C_Y_IN1_DQ,1024.0 Hz
H1:HPI-HAM4_BLND_L4C_Z_IN1_DQ,1024.0 Hz
H1:HPI-HAM5_BLND_L4C_HP_IN1_DQ,1024.0 Hz
H1:HPI-HAM5_BLND_L4C_RX_IN1_DQ,1024.0 Hz
H1:HPI-HAM5_BLND_L4C_RY_IN1_DQ,1024.0 Hz
H1:HPI-HAM5_BLND_L4C_RZ_IN1_DQ,1024.0 Hz
H1:HPI-HAM5_BLND_L4C_VP_IN1_DQ,1024.0 Hz
H1:HPI-HAM5_BLND_L4C_X_IN1_DQ,1024.0 Hz
H1:HPI-HAM5_BLND_L4C_Y_IN1_DQ,1024.0 Hz
H1:HPI-HAM5_BLND_L4C_Z_IN1_DQ,1024.0 Hz
H1:HPI-HAM6_BLND_L4C_HP_IN1_DQ,1024.0 Hz
H1:HPI-HAM6_BLND_L4C_RX_IN1_DQ,1024.0 Hz
H1:HPI-HAM6_BLND_L4C_RY_IN1_DQ,1024.0 Hz
H1:HPI-HAM6_BLND_L4C_RZ_IN1_DQ,1024.0 Hz
H1:HPI-HAM6_BLND_L4C_VP_IN1_DQ,1024.0 Hz
H1:HPI-HAM6_BLND_L4C_X_IN1_DQ,1024.0 Hz
H1:HPI-HAM6_BLND_L4C_Y_IN1_DQ,1024.0 Hz
H1:HPI-HAM6_BLND_L4C_Z_IN1_DQ,1024.0 Hz
H1:HPI-ITMX_BLND_L4C_HP_IN1_DQ,1024.0 Hz
H1:HPI-ITMX_BLND_L4C_RX_IN1_DQ,1024.0 Hz
H1:HPI-ITMX_BLND_L4C_RY_IN1_DQ,1024.0 Hz
H1:HPI-ITMX_BLND_L4C_RZ_IN1_DQ,1024.0 Hz
H1:HPI-ITMX_BLND_L4C_VP_IN1_DQ,1024.0 Hz
H1:HPI-ITMX_BLND_L4C_X_IN1_DQ,1024.0 Hz
H1:HPI-ITMX_BLND_L4C_Y_IN1_DQ,1024.0 Hz
H1:HPI-ITMX_BLND_L4C_Z_IN1_DQ,1024.0 Hz
H1:HPI-ITMY_BLND_L4C_HP_IN1_DQ,1024.0 Hz
H1:HPI-ITMY_BLND_L4C_RX_IN1_DQ,1024.0 Hz
H1:HPI-ITMY_BLND_L4C_RY_IN1_DQ,1024.0 Hz
H1:HPI-ITMY_BLND_L4C_RZ_IN1_DQ,1024.0 Hz
H1:HPI-ITMY_BLND_L4C_VP_IN1_DQ,1024.0 Hz
H1:HPI-ITMY_BLND_L4C_X_IN1_DQ,1024.0 Hz
H1:HPI-ITMY_BLND_L4C_Y_IN1_DQ,1024.0 Hz
H1:HPI-ITMY_BLND_L4C_Z_IN1_DQ,1024.0 Hz
H1:IMC-MC2_TRANS_SUM_OUT_DQ,2048.0 Hz
H1:IMC-PWR_IN_OUT_DQ,2048.0 Hz
H1:ISI-BS_CAL_CART_RX_OUT_DQ,1024.0 Hz
H1:ISI-BS_CAL_CART_RY_OUT_DQ,1024.0 Hz
H1:ISI-BS_CAL_CART_RZ_OUT_DQ,1024.0 Hz
H1:ISI-BS_CAL_CART_X_OUT_DQ,1024.0 Hz
H1:ISI-BS_CAL_CART_Y_OUT_DQ,1024.0 Hz
H1:ISI-BS_CAL_CART_Z_OUT_DQ,1024.0 Hz
H1:ISI-BS_SUSPOINT_BS_EUL_L_DQ,1024.0 Hz
H1:ISI-BS_SUSPOINT_BS_EUL_P_DQ,1024.0 Hz
H1:ISI-BS_SUSPOINT_BS_EUL_R_DQ,1024.0 Hz
H1:ISI-BS_SUSPOINT_BS_EUL_T_DQ,1024.0 Hz
H1:ISI-BS_SUSPOINT_BS_EUL_V_DQ,1024.0 Hz
H1:ISI-BS_SUSPOINT_BS_EUL_Y_DQ,1024.0 Hz
H1:ISI-ETMX_CAL_CART_RX_OUT_DQ,1024.0 Hz
H1:ISI-ETMX_CAL_CART_RY_OUT_DQ,1024.0 Hz
H1:ISI-ETMX_CAL_CART_RZ_OUT_DQ,1024.0 Hz
H1:ISI-ETMX_CAL_CART_X_OUT_DQ,1024.0 Hz
H1:ISI-ETMX_CAL_CART_Y_OUT_DQ,1024.0 Hz
H1:ISI-ETMX_CAL_CART_Z_OUT_DQ,1024.0 Hz
H1:ISI-ETMX_SUSPOINT_ETMX_EUL_L_DQ,1024.0 Hz
H1:ISI-ETMX_SUSPOINT_ETMX_EUL_P_DQ,1024.0 Hz
H1:ISI-ETMX_SUSPOINT_ETMX_EUL_R_DQ,1024.0 Hz
H1:ISI-ETMX_SUSPOINT_ETMX_EUL_T_DQ,1024.0 Hz
H1:ISI-ETMX_SUSPOINT_ETMX_EUL_V_DQ,1024.0 Hz
H1:ISI-ETMX_SUSPOINT_ETMX_EUL_Y_DQ,1024.0 Hz
H1:ISI-ETMX_SUSPOINT_TMSX_EUL_L_DQ,1024.0 Hz
H1:ISI-ETMX_SUSPOINT_TMSX_EUL_P_DQ,1024.0 Hz
H1:ISI-ETMX_SUSPOINT_TMSX_EUL_R_DQ,1024.0 Hz
H1:ISI-ETMX_SUSPOINT_TMSX_EUL_T_DQ,1024.0 Hz
H1:ISI-ETMX_SUSPOINT_TMSX_EUL_V_DQ,1024.0 Hz
H1:ISI-ETMX_SUSPOINT_TMSX_EUL_Y_DQ,1024.0 Hz
H1:ISI-ETMY_CAL_CART_RX_OUT_DQ,1024.0 Hz
H1:ISI-ETMY_CAL_CART_RY_OUT_DQ,1024.0 Hz
H1:ISI-ETMY_CAL_CART_RZ_OUT_DQ,1024.0 Hz
H1:ISI-ETMY_CAL_CART_X_OUT_DQ,1024.0 Hz
H1:ISI-ETMY_CAL_CART_Y_OUT_DQ,1024.0 Hz
H1:ISI-ETMY_CAL_CART_Z_OUT_DQ,1024.0 Hz
H1:ISI-ETMY_SUSPOINT_ETMY_EUL_L_DQ,1024.0 Hz
H1:ISI-ETMY_SUSPOINT_ETMY_EUL_P_DQ,1024.0 Hz
H1:ISI-ETMY_SUSPOINT_ETMY_EUL_R_DQ,1024.0 Hz
H1:ISI-ETMY_SUSPOINT_ETMY_EUL_T_DQ,1024.0 Hz
H1:ISI-ETMY_SUSPOINT_ETMY_EUL_V_DQ,1024.0 Hz
H1:ISI-ETMY_SUSPOINT_ETMY_EUL_Y_DQ,1024.0 Hz
H1:ISI-ETMY_SUSPOINT_TMSY_EUL_L_DQ,1024.0 Hz
H1:ISI-ETMY_SUSPOINT_TMSY_EUL_P_DQ,1024.0 Hz
H1:ISI-ETMY_SUSPOINT_TMSY_EUL_R_DQ,1024.0 Hz
H1:ISI-ETMY_SUSPOINT_TMSY_EUL_T_DQ,1024.0 Hz
H1:ISI-ETMY_SUSPOINT_TMSY_EUL_V_DQ,1024.0 Hz
H1:ISI-ETMY_SUSPOINT_TMSY_EUL_Y_DQ,1024.0 Hz
H1:ISI-GND_BRS_ETMX_RY_OUT_DQ,256.0 Hz
H1:ISI-GND_BRS_ETMY_RX_BLRMS_30M_100M,16.0 Hz
H1:ISI-GND_BRS_ETMY_RX_OUT_DQ,256.0 Hz
H1:ISI-GND_STS_ETMX_X_DQ,512.0 Hz
H1:ISI-GND_STS_ETMX_Y_DQ,512.0 Hz
H1:ISI-GND_STS_ETMX_Z_DQ,512.0 Hz
H1:ISI-GND_STS_ETMY_X_DQ,512.0 Hz
H1:ISI-GND_STS_ETMY_Y_DQ,512.0 Hz
H1:ISI-GND_STS_ETMY_Z_DQ,512.0 Hz
H1:ISI-GND_STS_HAM2_X_DQ,512.0 Hz
H1:ISI-GND_STS_HAM2_Y_DQ,512.0 Hz
H1:ISI-GND_STS_HAM2_Z_DQ,512.0 Hz
H1:ISI-GND_STS_HAM5_X_DQ,512.0 Hz
H1:ISI-GND_STS_HAM5_Y_DQ,512.0 Hz
H1:ISI-GND_STS_HAM5_Z_DQ,512.0 Hz
H1:ISI-GND_STS_ITMY_X_DQ,512.0 Hz
H1:ISI-GND_STS_ITMY_Y_DQ,512.0 Hz
H1:ISI-GND_STS_ITMY_Z_BLRMS_30M_100M,16.0 Hz
H1:ISI-GND_STS_ITMY_Z_DQ,512.0 Hz
H1:ISI-HAM2_SUSPOINT_IM1_EUL_L_DQ,1024.0 Hz
H1:ISI-HAM2_SUSPOINT_IM1_EUL_P_DQ,1024.0 Hz
H1:ISI-HAM2_SUSPOINT_IM1_EUL_R_DQ,1024.0 Hz
H1:ISI-HAM2_SUSPOINT_IM1_EUL_T_DQ,1024.0 Hz
H1:ISI-HAM2_SUSPOINT_IM1_EUL_V_DQ,1024.0 Hz
H1:ISI-HAM2_SUSPOINT_IM1_EUL_Y_DQ,1024.0 Hz
H1:ISI-HAM2_SUSPOINT_IM2_EUL_L_DQ,1024.0 Hz
H1:ISI-HAM2_SUSPOINT_IM2_EUL_P_DQ,1024.0 Hz
H1:ISI-HAM2_SUSPOINT_IM2_EUL_R_DQ,1024.0 Hz
H1:ISI-HAM2_SUSPOINT_IM2_EUL_T_DQ,1024.0 Hz
H1:ISI-HAM2_SUSPOINT_IM2_EUL_V_DQ,1024.0 Hz
H1:ISI-HAM2_SUSPOINT_IM2_EUL_Y_DQ,1024.0 Hz
H1:ISI-HAM2_SUSPOINT_IM3_EUL_L_DQ,1024.0 Hz
H1:ISI-HAM2_SUSPOINT_IM3_EUL_P_DQ,1024.0 Hz
H1:ISI-HAM2_SUSPOINT_IM3_EUL_R_DQ,1024.0 Hz
H1:ISI-HAM2_SUSPOINT_IM3_EUL_T_DQ,1024.0 Hz
H1:ISI-HAM2_SUSPOINT_IM3_EUL_V_DQ,1024.0 Hz
H1:ISI-HAM2_SUSPOINT_IM3_EUL_Y_DQ,1024.0 Hz
H1:ISI-HAM2_SUSPOINT_IM4_EUL_L_DQ,1024.0 Hz
H1:ISI-HAM2_SUSPOINT_IM4_EUL_P_DQ,1024.0 Hz
H1:ISI-HAM2_SUSPOINT_IM4_EUL_R_DQ,1024.0 Hz
H1:ISI-HAM2_SUSPOINT_IM4_EUL_T_DQ,1024.0 Hz
H1:ISI-HAM2_SUSPOINT_IM4_EUL_V_DQ,1024.0 Hz
H1:ISI-HAM2_SUSPOINT_IM4_EUL_Y_DQ,1024.0 Hz
H1:ISI-HAM2_SUSPOINT_MC1_EUL_L_DQ,1024.0 Hz
H1:ISI-HAM2_SUSPOINT_MC1_EUL_P_DQ,1024.0 Hz
H1:ISI-HAM2_SUSPOINT_MC1_EUL_R_DQ,1024.0 Hz
H1:ISI-HAM2_SUSPOINT_MC1_EUL_T_DQ,1024.0 Hz
H1:ISI-HAM2_SUSPOINT_MC1_EUL_V_DQ,1024.0 Hz
H1:ISI-HAM2_SUSPOINT_MC1_EUL_Y_DQ,1024.0 Hz
H1:ISI-HAM2_SUSPOINT_MC3_EUL_L_DQ,1024.0 Hz
H1:ISI-HAM2_SUSPOINT_MC3_EUL_P_DQ,1024.0 Hz
H1:ISI-HAM2_SUSPOINT_MC3_EUL_R_DQ,1024.0 Hz
H1:ISI-HAM2_SUSPOINT_MC3_EUL_T_DQ,1024.0 Hz
H1:ISI-HAM2_SUSPOINT_MC3_EUL_V_DQ,1024.0 Hz
H1:ISI-HAM2_SUSPOINT_MC3_EUL_Y_DQ,1024.0 Hz
H1:ISI-HAM2_SUSPOINT_PR3_EUL_L_DQ,1024.0 Hz
H1:ISI-HAM2_SUSPOINT_PR3_EUL_P_DQ,1024.0 Hz
H1:ISI-HAM2_SUSPOINT_PR3_EUL_R_DQ,1024.0 Hz
H1:ISI-HAM2_SUSPOINT_PR3_EUL_T_DQ,1024.0 Hz
H1:ISI-HAM2_SUSPOINT_PR3_EUL_V_DQ,1024.0 Hz
H1:ISI-HAM2_SUSPOINT_PR3_EUL_Y_DQ,1024.0 Hz
H1:ISI-HAM2_SUSPOINT_PRM_EUL_L_DQ,1024.0 Hz
H1:ISI-HAM2_SUSPOINT_PRM_EUL_P_DQ,1024.0 Hz
H1:ISI-HAM2_SUSPOINT_PRM_EUL_R_DQ,1024.0 Hz
H1:ISI-HAM2_SUSPOINT_PRM_EUL_T_DQ,1024.0 Hz
H1:ISI-HAM2_SUSPOINT_PRM_EUL_V_DQ,1024.0 Hz
H1:ISI-HAM2_SUSPOINT_PRM_EUL_Y_DQ,1024.0 Hz
H1:ISI-HAM3_SUSPOINT_MC2_EUL_L_DQ,1024.0 Hz
H1:ISI-HAM3_SUSPOINT_MC2_EUL_P_DQ,1024.0 Hz
H1:ISI-HAM3_SUSPOINT_MC2_EUL_R_DQ,1024.0 Hz
H1:ISI-HAM3_SUSPOINT_MC2_EUL_T_DQ,1024.0 Hz
H1:ISI-HAM3_SUSPOINT_MC2_EUL_V_DQ,1024.0 Hz
H1:ISI-HAM3_SUSPOINT_MC2_EUL_Y_DQ,1024.0 Hz
H1:ISI-HAM3_SUSPOINT_PR2_EUL_L_DQ,1024.0 Hz
H1:ISI-HAM3_SUSPOINT_PR2_EUL_P_DQ,1024.0 Hz
H1:ISI-HAM3_SUSPOINT_PR2_EUL_R_DQ,1024.0 Hz
H1:ISI-HAM3_SUSPOINT_PR2_EUL_T_DQ,1024.0 Hz
H1:ISI-HAM3_SUSPOINT_PR2_EUL_V_DQ,1024.0 Hz
H1:ISI-HAM3_SUSPOINT_PR2_EUL_Y_DQ,1024.0 Hz
H1:ISI-HAM4_SUSPOINT_SR2_EUL_L_DQ,1024.0 Hz
H1:ISI-HAM4_SUSPOINT_SR2_EUL_P_DQ,1024.0 Hz
H1:ISI-HAM4_SUSPOINT_SR2_EUL_R_DQ,1024.0 Hz
H1:ISI-HAM4_SUSPOINT_SR2_EUL_T_DQ,1024.0 Hz
H1:ISI-HAM4_SUSPOINT_SR2_EUL_V_DQ,1024.0 Hz
H1:ISI-HAM4_SUSPOINT_SR2_EUL_Y_DQ,1024.0 Hz
H1:ISI-HAM5_SUSPOINT_SR3_EUL_L_DQ,1024.0 Hz
H1:ISI-HAM5_SUSPOINT_SR3_EUL_P_DQ,1024.0 Hz
H1:ISI-HAM5_SUSPOINT_SR3_EUL_R_DQ,1024.0 Hz
H1:ISI-HAM5_SUSPOINT_SR3_EUL_T_DQ,1024.0 Hz
H1:ISI-HAM5_SUSPOINT_SR3_EUL_V_DQ,1024.0 Hz
H1:ISI-HAM5_SUSPOINT_SR3_EUL_Y_DQ,1024.0 Hz
H1:ISI-HAM5_SUSPOINT_SRM_EUL_L_DQ,1024.0 Hz
H1:ISI-HAM5_SUSPOINT_SRM_EUL_P_DQ,1024.0 Hz
H1:ISI-HAM5_SUSPOINT_SRM_EUL_R_DQ,1024.0 Hz
H1:ISI-HAM5_SUSPOINT_SRM_EUL_T_DQ,1024.0 Hz
H1:ISI-HAM5_SUSPOINT_SRM_EUL_V_DQ,1024.0 Hz
H1:ISI-HAM5_SUSPOINT_SRM_EUL_Y_DQ,1024.0 Hz
H1:ISI-HAM6_SUSPOINT_OM1_EUL_L_DQ,1024.0 Hz
H1:ISI-HAM6_SUSPOINT_OM1_EUL_P_DQ,1024.0 Hz
H1:ISI-HAM6_SUSPOINT_OM1_EUL_R_DQ,1024.0 Hz
H1:ISI-HAM6_SUSPOINT_OM1_EUL_T_DQ,1024.0 Hz
H1:ISI-HAM6_SUSPOINT_OM1_EUL_V_DQ,1024.0 Hz
H1:ISI-HAM6_SUSPOINT_OM1_EUL_Y_DQ,1024.0 Hz
H1:ISI-HAM6_SUSPOINT_OM2_EUL_L_DQ,1024.0 Hz
H1:ISI-HAM6_SUSPOINT_OM2_EUL_P_DQ,1024.0 Hz
H1:ISI-HAM6_SUSPOINT_OM2_EUL_R_DQ,1024.0 Hz
H1:ISI-HAM6_SUSPOINT_OM2_EUL_T_DQ,1024.0 Hz
H1:ISI-HAM6_SUSPOINT_OM2_EUL_V_DQ,1024.0 Hz
H1:ISI-HAM6_SUSPOINT_OM2_EUL_Y_DQ,1024.0 Hz
H1:ISI-HAM6_SUSPOINT_OM3_EUL_L_DQ,1024.0 Hz
H1:ISI-HAM6_SUSPOINT_OM3_EUL_P_DQ,1024.0 Hz
H1:ISI-HAM6_SUSPOINT_OM3_EUL_R_DQ,1024.0 Hz
H1:ISI-HAM6_SUSPOINT_OM3_EUL_T_DQ,1024.0 Hz
H1:ISI-HAM6_SUSPOINT_OM3_EUL_V_DQ,1024.0 Hz
H1:ISI-HAM6_SUSPOINT_OM3_EUL_Y_DQ,1024.0 Hz
H1:ISI-HAM6_SUSPOINT_OMC_EUL_L_DQ,1024.0 Hz
H1:ISI-HAM6_SUSPOINT_OMC_EUL_P_DQ,1024.0 Hz
H1:ISI-HAM6_SUSPOINT_OMC_EUL_R_DQ,1024.0 Hz
H1:ISI-HAM6_SUSPOINT_OMC_EUL_T_DQ,1024.0 Hz
H1:ISI-HAM6_SUSPOINT_OMC_EUL_V_DQ,1024.0 Hz
H1:ISI-HAM6_SUSPOINT_OMC_EUL_Y_DQ,1024.0 Hz
H1:ISI-ITMX_CAL_CART_RX_OUT_DQ,1024.0 Hz
H1:ISI-ITMX_CAL_CART_RY_OUT_DQ,1024.0 Hz
H1:ISI-ITMX_CAL_CART_RZ_OUT_DQ,1024.0 Hz
H1:ISI-ITMX_CAL_CART_X_OUT_DQ,1024.0 Hz
H1:ISI-ITMX_CAL_CART_Y_OUT_DQ,1024.0 Hz
H1:ISI-ITMX_CAL_CART_Z_OUT_DQ,1024.0 Hz
H1:ISI-ITMX_SUSPOINT_ITMX_EUL_L_DQ,1024.0 Hz
H1:ISI-ITMX_SUSPOINT_ITMX_EUL_P_DQ,1024.0 Hz
H1:ISI-ITMX_SUSPOINT_ITMX_EUL_R_DQ,1024.0 Hz
H1:ISI-ITMX_SUSPOINT_ITMX_EUL_T_DQ,1024.0 Hz
H1:ISI-ITMX_SUSPOINT_ITMX_EUL_V_DQ,1024.0 Hz
H1:ISI-ITMX_SUSPOINT_ITMX_EUL_Y_DQ,1024.0 Hz
H1:ISI-ITMY_CAL_CART_RX_OUT_DQ,1024.0 Hz
H1:ISI-ITMY_CAL_CART_RY_OUT_DQ,1024.0 Hz
H1:ISI-ITMY_CAL_CART_RZ_OUT_DQ,1024.0 Hz
H1:ISI-ITMY_CAL_CART_X_OUT_DQ,1024.0 Hz
H1:ISI-ITMY_CAL_CART_Y_OUT_DQ,1024.0 Hz
H1:ISI-ITMY_CAL_CART_Z_OUT_DQ,1024.0 Hz
H1:ISI-ITMY_SUSPOINT_ITMY_EUL_L_DQ,1024.0 Hz
H1:ISI-ITMY_SUSPOINT_ITMY_EUL_P_DQ,1024.0 Hz
H1:ISI-ITMY_SUSPOINT_ITMY_EUL_R_DQ,1024.0 Hz
H1:ISI-ITMY_SUSPOINT_ITMY_EUL_T_DQ,1024.0 Hz
H1:ISI-ITMY_SUSPOINT_ITMY_EUL_V_DQ,1024.0 Hz
H1:ISI-ITMY_SUSPOINT_ITMY_EUL_Y_DQ,1024.0 Hz
H1:LSC-DARM_IN1_DQ,16384.0 Hz
H1:LSC-DARM_OUT_DQ,16384.0 Hz
H1:LSC-MCL_IN1_DQ,16384.0 Hz
H1:LSC-MCL_OUT_DQ,16384.0 Hz
H1:LSC-MICH_IN1_DQ,16384.0 Hz
H1:LSC-MICH_IN1_DQ,16384.0 Hz
H1:LSC-MICH_OUT_DQ,16384.0 Hz
H1:LSC-POPAIR_B_RF18_I_ERR_DQ,2048.0 Hz
H1:LSC-POPAIR_B_RF18_Q_ERR_DQ,2048.0 Hz
H1:LSC-POPAIR_B_RF90_I_ERR_DQ,2048.0 Hz
H1:LSC-POPAIR_B_RF90_Q_ERR_DQ,2048.0 Hz
H1:LSC-POP_A_LF_OUT_DQ,2048.0 Hz
H1:LSC-POP_A_LF_OUT_DQ,2048.0 Hz
H1:LSC-PRCL_IN1_DQ,16384.0 Hz
H1:LSC-PRCL_IN1_DQ,16384.0 Hz
H1:LSC-PRCL_OUT_DQ,16384.0 Hz
H1:LSC-REFL_A_LF_OUT_DQ,2048.0 Hz
H1:LSC-REFL_A_RF45_Q_ERR_DQ,2048.0 Hz
H1:LSC-REFL_A_RF9_Q_ERR_DQ,2048.0 Hz
H1:LSC-REFL_A_RF9_Q_ERR_DQ,2048.0 Hz
H1:LSC-REFL_SERVO_CTRL_OUT_DQ,16384.0 Hz
H1:LSC-SRCL_IN1_DQ,16384.0 Hz
H1:LSC-SRCL_IN1_DQ,16384.0 Hz
H1:LSC-SRCL_OUT_DQ,16384.0 Hz
H1:OMC-ASC_ANG_X_OUT_DQ,2048.0 Hz
H1:OMC-ASC_ANG_Y_OUT_DQ,2048.0 Hz
H1:OMC-ASC_POS_X_OUT_DQ,2048.0 Hz
H1:OMC-ASC_POS_Y_OUT_DQ,2048.0 Hz
H1:OMC-LSC_SERVO_OUT_DQ,2048.0 Hz
H1:OMC-PZT1_MON_AC_OUT_DQ,16384.0 Hz
H1:PEM-CS_ACC_BEAMTUBE_XMAN_Y_DQ,2048.0 Hz
H1:PEM-CS_ACC_BEAMTUBE_YMAN_X_DQ,2048.0 Hz
H1:PEM-CS_ACC_BSC1_ITMY_X_DQ,2048.0 Hz
H1:PEM-CS_ACC_BSC1_ITMY_Y_DQ,16384.0 Hz
H1:PEM-CS_ACC_BSC2_BS_Y_DQ,2048.0 Hz
H1:PEM-CS_ACC_BSC3_ITMX_X_DQ,16384.0 Hz
H1:PEM-CS_ACC_BSC3_ITMX_Y_DQ,2048.0 Hz
H1:PEM-CS_ACC_EBAY_FLOOR_Z_DQ,2048.0 Hz
H1:PEM-CS_ACC_HAM2_PRM_Y_DQ,2048.0 Hz
H1:PEM-CS_ACC_HAM2_PRM_Z_DQ,2048.0 Hz
H1:PEM-CS_ACC_HAM3_PR2_Y_DQ,2048.0 Hz
H1:PEM-CS_ACC_HAM4_SR2_X_DQ,2048.0 Hz
H1:PEM-CS_ACC_HAM5_SRM_X_DQ,2048.0 Hz
H1:PEM-CS_ACC_HAM6_OMC_X_DQ,2048.0 Hz
H1:PEM-CS_ACC_HAM6_OMC_Z_DQ,16384.0 Hz
H1:PEM-CS_ACC_IOT1_IMC_X_DQ,2048.0 Hz
H1:PEM-CS_ACC_IOT1_IMC_Y_DQ,2048.0 Hz
H1:PEM-CS_ACC_IOT1_IMC_Z_DQ,2048.0 Hz
H1:PEM-CS_ACC_ISCT1_REFL_Y_DQ,2048.0 Hz
H1:PEM-CS_ACC_ISCT6_OMC_X_DQ,2048.0 Hz
H1:PEM-CS_ACC_LVEAFLOOR_BS_Z_DQ,2048.0 Hz
H1:PEM-CS_ACC_LVEAFLOOR_XCRYO_Z_DQ,2048.0 Hz
H1:PEM-CS_ACC_LVEAFLOOR_YCRYO_Z_DQ,2048.0 Hz
H1:PEM-CS_ACC_OPLEV_ITMX_Y_DQ,2048.0 Hz
H1:PEM-CS_ACC_OPLEV_ITMY_X_DQ,2048.0 Hz
H1:PEM-CS_ACC_PSL_PERISCOPE_X_DQ,16384.0 Hz
H1:PEM-CS_ACC_PSL_TABLE1_X_DQ,2048.0 Hz
H1:PEM-CS_ACC_PSL_TABLE1_Y_DQ,2048.0 Hz
H1:PEM-CS_ACC_PSL_TABLE1_Z_DQ,2048.0 Hz
H1:PEM-CS_ACC_PSL_TABLE2_Z_DQ,2048.0 Hz
H1:PEM-CS_LOWFMIC_LVEA_VERTEX_DQ,256.0 Hz
H1:PEM-CS_MAG_EBAY_SUSRACK_QUAD_SUM_DQ,4096.0 Hz
H1:PEM-CS_MAG_EBAY_SUSRACK_X_DQ,8192.0 Hz
H1:PEM-CS_MAG_EBAY_SUSRACK_Y_DQ,8192.0 Hz
H1:PEM-CS_MAG_EBAY_SUSRACK_Z_DQ,8192.0 Hz
H1:PEM-CS_MAG_LVEA_INPUTOPTICS_QUAD_SUM_DQ,4096.0 Hz
H1:PEM-CS_MAG_LVEA_INPUTOPTICS_X_DQ,8192.0 Hz
H1:PEM-CS_MAG_LVEA_INPUTOPTICS_Y_DQ,8192.0 Hz
H1:PEM-CS_MAG_LVEA_INPUTOPTICS_Z_DQ,8192.0 Hz
H1:PEM-CS_MAG_LVEA_OUTPUTOPTICS_QUAD_SUM_DQ,4096.0 Hz
H1:PEM-CS_MAG_LVEA_OUTPUTOPTICS_X_DQ,8192.0 Hz
H1:PEM-CS_MAG_LVEA_OUTPUTOPTICS_Y_DQ,8192.0 Hz
H1:PEM-CS_MAG_LVEA_OUTPUTOPTICS_Z_DQ,8192.0 Hz
H1:PEM-CS_MAG_LVEA_VERTEX_QUAD_SUM_DQ,4096.0 Hz
H1:PEM-CS_MAG_LVEA_VERTEX_X_DQ,8192.0 Hz
H1:PEM-CS_MAG_LVEA_VERTEX_Y_DQ,8192.0 Hz
H1:PEM-CS_MAG_LVEA_VERTEX_Z_DQ,8192.0 Hz
H1:PEM-CS_MAINSMON_EBAY_1_DQ,1024.0 Hz
H1:PEM-CS_MAINSMON_EBAY_2_DQ,1024.0 Hz
H1:PEM-CS_MAINSMON_EBAY_3_DQ,1024.0 Hz
H1:PEM-CS_MIC_EBAY_RACKS_DQ,16384.0 Hz
H1:PEM-CS_MIC_LVEA_BS_DQ,16384.0 Hz
H1:PEM-CS_MIC_LVEA_INPUTOPTICS_DQ,16384.0 Hz
H1:PEM-CS_MIC_LVEA_OUTPUTOPTICS_DQ,16384.0 Hz
H1:PEM-CS_MIC_LVEA_XMANSPOOL_DQ,16384.0 Hz
H1:PEM-CS_MIC_LVEA_YMANSPOOL_DQ,16384.0 Hz
H1:PEM-CS_MIC_PSL_CENTER_DQ,16384.0 Hz
H1:PEM-CS_RADIO_EBAY_NARROWBAND_1_DQ,16384.0 Hz
H1:PEM-CS_RADIO_EBAY_NARROWBAND_2_DQ,16384.0 Hz
H1:PEM-CS_RADIO_LVEA_NARROWBAND_1_DQ,16384.0 Hz
H1:PEM-CS_RADIO_LVEA_NARROWBAND_2_DQ,16384.0 Hz
H1:PEM-CS_RADIO_ROOF1_BROADBAND_DQ,16384.0 Hz
H1:PEM-CS_RADIO_ROOF2_BROADBAND_DQ,16384.0 Hz
H1:PEM-EX_ACC_EBAY_FLOOR_Z_DQ,2048.0 Hz
H1:PEM-EX_ACC_OPLEV_ETMX_Y_DQ,2048.0 Hz
H1:PEM-EX_ACC_VEA_FLOOR_Z_DQ,2048.0 Hz
H1:PEM-EX_ADC_0_18_OUT_DQ,2048.0 Hz
H1:PEM-EX_LOWFMIC_VEA_FLOOR_DQ,256.0 Hz
H1:PEM-EX_MAG_EBAY_SUSRACK_QUAD_SUM_DQ,4096.0 Hz
H1:PEM-EX_MAG_EBAY_SUSRACK_X_DQ,8192.0 Hz
H1:PEM-EX_MAG_EBAY_SUSRACK_Y_DQ,8192.0 Hz
H1:PEM-EX_MAG_EBAY_SUSRACK_Z_DQ,8192.0 Hz
H1:PEM-EX_MAG_VEA_FLOOR_QUAD_SUM_DQ,4096.0 Hz
H1:PEM-EX_MAG_VEA_FLOOR_X_DQ,8192.0 Hz
H1:PEM-EX_MAG_VEA_FLOOR_Y_DQ,8192.0 Hz
H1:PEM-EX_MAG_VEA_FLOOR_Z_DQ,8192.0 Hz
H1:PEM-EX_MIC_EBAY_RACKS_DQ,16384.0 Hz
H1:PEM-EX_MIC_VEA_PLUSX_DQ,16384.0 Hz
H1:PEM-EY_ACC_EBAY_FLOOR_Z_DQ,2048.0 Hz
H1:PEM-EY_ACC_ISCTEY_TRANS_X_DQ,2048.0 Hz
H1:PEM-EY_ACC_OPLEV_ETMY_X_DQ,2048.0 Hz
H1:PEM-EY_ACC_VEA_FLOOR_Z_DQ,2048.0 Hz
H1:PEM-EY_LOWFMIC_VEA_FLOOR_DQ,256.0 Hz
H1:PEM-EY_MAG_EBAY_SUSRACK_QUAD_SUM_DQ,4096.0 Hz
H1:PEM-EY_MAG_EBAY_SUSRACK_X_DQ,8192.0 Hz
H1:PEM-EY_MAG_EBAY_SUSRACK_Y_DQ,8192.0 Hz
H1:PEM-EY_MAG_EBAY_SUSRACK_Z_DQ,8192.0 Hz
H1:PEM-EY_MAG_VEA_FLOOR_QUAD_SUM_DQ,4096.0 Hz
H1:PEM-EY_MAG_VEA_FLOOR_X_DQ,8192.0 Hz
H1:PEM-EY_MAG_VEA_FLOOR_Y_DQ,8192.0 Hz
H1:PEM-EY_MAG_VEA_FLOOR_Z_DQ,8192.0 Hz
H1:PEM-EY_MAINSMON_EBAY_1_DQ,1024.0 Hz
H1:PEM-EY_MIC_EBAY_RACKS_DQ,16384.0 Hz
H1:PEM-EY_MIC_VEA_PLUSY_DQ,16384.0 Hz
H1:PEM-VAULT_MAG_1030X195Y_COIL_X_DQ,4096.0 Hz
H1:PEM-VAULT_MAG_1030X195Y_COIL_Y_DQ,4096.0 Hz
H1:PSL-ENV_ANTERM_RH,16.0 Hz
H1:PSL-ENV_ANTERM_TEMP_DEGC,16.0 Hz
H1:PSL-ENV_CHILLERRM_RH,16.0 Hz
H1:PSL-ENV_CHILLERRM_TEMP_DEGC,16.0 Hz
H1:PSL-ENV_DIODERM_RH,16.0 Hz
H1:PSL-ENV_DIODERM_TEMP_DEGC,16.0 Hz
H1:PSL-ENV_LASERRM_RH,16.0 Hz
H1:PSL-ENV_LASERRM_TBLN_TEMP_DEGC,16.0 Hz
H1:PSL-ENV_LVEA_TEMP_DEGC,16.0 Hz
H1:PSL-FSS_FAST_MON_OUT_DQ,16384.0 Hz
H1:SUS-BS_M1_DAMP_L_IN1_DQ,256.0 Hz
H1:SUS-BS_M1_DAMP_P_IN1_DQ,256.0 Hz
H1:SUS-BS_M1_DAMP_V_IN1_DQ,256.0 Hz
H1:SUS-BS_M1_DAMP_V_IN1_DQ,256.0 Hz
H1:SUS-BS_M1_DAMP_Y_IN1_DQ,256.0 Hz
H1:SUS-BS_M3_OPLEV_PIT_OUT_DQ,256.0 Hz
H1:SUS-BS_M3_OPLEV_YAW_OUT_DQ,256.0 Hz
H1:SUS-ETMX_L1_CAL_LINE_OUT_DQ,512.0 Hz
H1:SUS-ETMX_L2_CAL_LINE_OUT_DQ,512.0 Hz
H1:SUS-ETMX_L2_DAMP_MODE14_OUT16,16.0 Hz
H1:SUS-ETMX_L3_CAL_LINE_OUT_DQ,512.0 Hz
H1:SUS-ETMX_L3_OPLEV_PIT_OUT_DQ,256.0 Hz
H1:SUS-ETMX_L3_OPLEV_YAW_OUT_DQ,256.0 Hz
H1:SUS-ETMX_M0_DAMP_L_IN1_DQ,256.0 Hz
H1:SUS-ETMX_M0_DAMP_P_IN1_DQ,256.0 Hz
H1:SUS-ETMX_M0_DAMP_V_IN1_DQ,256.0 Hz
H1:SUS-ETMX_M0_DAMP_Y_IN1_DQ,256.0 Hz
H1:SUS-ETMX_R0_DAMP_L_IN1_DQ,256.0 Hz
H1:SUS-ETMX_R0_DAMP_P_IN1_DQ,256.0 Hz
H1:SUS-ETMX_R0_DAMP_V_IN1_DQ,256.0 Hz
H1:SUS-ETMX_R0_DAMP_Y_IN1_DQ,256.0 Hz
H1:SUS-ETMY_L3_OPLEV_PIT_OUT_DQ,256.0 Hz
H1:SUS-ETMY_L3_OPLEV_YAW_OUT_DQ,256.0 Hz
H1:SUS-ETMY_M0_DAMP_L_IN1_DQ,256.0 Hz
H1:SUS-ETMY_M0_DAMP_P_IN1_DQ,256.0 Hz
H1:SUS-ETMY_M0_DAMP_V_IN1_DQ,256.0 Hz
H1:SUS-ETMY_M0_DAMP_Y_IN1_DQ,256.0 Hz
H1:SUS-ETMY_R0_DAMP_L_IN1_DQ,256.0 Hz
H1:SUS-ETMY_R0_DAMP_P_IN1_DQ,256.0 Hz
H1:SUS-ETMY_R0_DAMP_V_IN1_DQ,256.0 Hz
H1:SUS-ETMY_R0_DAMP_Y_IN1_DQ,256.0 Hz
H1:SUS-ITMX_L3_OPLEV_PIT_OUT_DQ,256.0 Hz
H1:SUS-ITMX_L3_OPLEV_YAW_OUT_DQ,256.0 Hz
H1:SUS-ITMX_M0_DAMP_L_IN1_DQ,256.0 Hz
H1:SUS-ITMX_M0_DAMP_P_IN1_DQ,256.0 Hz
H1:SUS-ITMX_M0_DAMP_V_IN1_DQ,256.0 Hz
H1:SUS-ITMX_M0_DAMP_Y_IN1_DQ,256.0 Hz
H1:SUS-ITMX_R0_DAMP_L_IN1_DQ,256.0 Hz
H1:SUS-ITMX_R0_DAMP_P_IN1_DQ,256.0 Hz
H1:SUS-ITMX_R0_DAMP_V_IN1_DQ,256.0 Hz
H1:SUS-ITMX_R0_DAMP_Y_IN1_DQ,256.0 Hz
H1:SUS-ITMY_L3_OPLEV_PIT_OUT_DQ,256.0 Hz
H1:SUS-ITMY_L3_OPLEV_YAW_OUT_DQ,256.0 Hz
H1:SUS-ITMY_M0_DAMP_L_IN1_DQ,256.0 Hz
H1:SUS-ITMY_M0_DAMP_P_IN1_DQ,256.0 Hz
H1:SUS-ITMY_M0_DAMP_V_IN1_DQ,256.0 Hz
H1:SUS-ITMY_M0_DAMP_Y_IN1_DQ,256.0 Hz
H1:SUS-ITMY_R0_DAMP_L_IN1_DQ,256.0 Hz
H1:SUS-ITMY_R0_DAMP_P_IN1_DQ,256.0 Hz
H1:SUS-ITMY_R0_DAMP_V_IN1_DQ,256.0 Hz
H1:SUS-ITMY_R0_DAMP_Y_IN1_DQ,256.0 Hz
H1:SUS-MC1_M1_DAMP_V_IN1_DQ,256.0 Hz
H1:SUS-MC1_M3_WIT_P_DQ,256.0 Hz
H1:SUS-MC1_M3_WIT_Y_DQ,256.0 Hz
H1:SUS-MC2_M1_DAMP_V_IN1_DQ,256.0 Hz
H1:SUS-MC2_M3_WIT_P_DQ,256.0 Hz
H1:SUS-MC2_M3_WIT_Y_DQ,256.0 Hz
H1:SUS-MC3_M1_DAMP_V_IN1_DQ,256.0 Hz
H1:SUS-MC3_M3_WIT_P_DQ,256.0 Hz
H1:SUS-MC3_M3_WIT_Y_DQ,256.0 Hz
H1:SUS-OMC_M1_DAMP_L_IN1_DQ,256.0 Hz
H1:SUS-OMC_M1_DAMP_P_IN1_DQ,256.0 Hz
H1:SUS-OMC_M1_DAMP_V_IN1_DQ,256.0 Hz
H1:SUS-OMC_M1_DAMP_Y_IN1_DQ,256.0 Hz
H1:SUS-PR2_M1_DAMP_L_IN1_DQ,256.0 Hz
H1:SUS-PR2_M1_DAMP_P_IN1_DQ,256.0 Hz
H1:SUS-PR2_M1_DAMP_V_IN1_DQ,256.0 Hz
H1:SUS-PR2_M1_DAMP_Y_IN1_DQ,256.0 Hz
H1:SUS-PR2_M3_WIT_P_DQ,256.0 Hz
H1:SUS-PR2_M3_WIT_Y_DQ,256.0 Hz
H1:SUS-PR3_M1_DAMP_L_IN1_DQ,256.0 Hz
H1:SUS-PR3_M1_DAMP_P_IN1_DQ,256.0 Hz
H1:SUS-PR3_M1_DAMP_V_IN1_DQ,256.0 Hz
H1:SUS-PR3_M1_DAMP_Y_IN1_DQ,256.0 Hz
H1:SUS-PR3_M3_WIT_P_DQ,256.0 Hz
H1:SUS-PR3_M3_WIT_Y_DQ,256.0 Hz
H1:SUS-PRM_M1_DAMP_L_IN1_DQ,256.0 Hz
H1:SUS-PRM_M1_DAMP_P_IN1_DQ,256.0 Hz
H1:SUS-PRM_M1_DAMP_V_IN1_DQ,256.0 Hz
H1:SUS-PRM_M1_DAMP_Y_IN1_DQ,256.0 Hz
H1:SUS-PRM_M3_WIT_P_DQ,256.0 Hz
H1:SUS-PRM_M3_WIT_Y_DQ,256.0 Hz
H1:SUS-SR2_M1_DAMP_L_IN1_DQ,256.0 Hz
H1:SUS-SR2_M1_DAMP_P_IN1_DQ,256.0 Hz
H1:SUS-SR2_M1_DAMP_V_IN1_DQ,256.0 Hz
H1:SUS-SR2_M1_DAMP_Y_IN1_DQ,256.0 Hz
H1:SUS-SR2_M3_WIT_P_DQ,256.0 Hz
H1:SUS-SR2_M3_WIT_Y_DQ,256.0 Hz
H1:SUS-SR3_M1_DAMP_L_IN1_DQ,256.0 Hz
H1:SUS-SR3_M1_DAMP_P_IN1_DQ,256.0 Hz
H1:SUS-SR3_M1_DAMP_V_IN1_DQ,256.0 Hz
H1:SUS-SR3_M1_DAMP_Y_IN1_DQ,256.0 Hz
H1:SUS-SR3_M3_WIT_P_DQ,256.0 Hz
H1:SUS-SR3_M3_WIT_Y_DQ,256.0 Hz
H1:SUS-SRM_M1_DAMP_L_IN1_DQ,256.0 Hz
H1:SUS-SRM_M1_DAMP_P_IN1_DQ,256.0 Hz
H1:SUS-SRM_M1_DAMP_V_IN1_DQ,256.0 Hz
H1:SUS-SRM_M1_DAMP_Y_IN1_DQ,256.0 Hz
H1:SUS-SRM_M3_WIT_P_DQ,256.0 Hz
H1:SUS-SRM_M3_WIT_Y_DQ,256.0 Hz
H1:SUS-TMSX_M1_DAMP_L_IN1_DQ,256.0 Hz
H1:SUS-TMSX_M1_DAMP_P_IN1_DQ,256.0 Hz
H1:SUS-TMSX_M1_DAMP_V_IN1_DQ,256.0 Hz
H1:SUS-TMSX_M1_DAMP_Y_IN1_DQ,256.0 Hz
H1:SUS-TMSY_M1_DAMP_L_IN1_DQ,256.0 Hz
H1:SUS-TMSY_M1_DAMP_P_IN1_DQ,256.0 Hz
H1:SUS-TMSY_M1_DAMP_V_IN1_DQ,256.0 Hz
H1:SUS-TMSY_M1_DAMP_Y_IN1_DQ,256.0 Hz
H1:TCS-ETMX_RH_LOWERPOWER,16.0 Hz
H1:TCS-ETMX_RH_UPPERPOWER,16.0 Hz
H1:TCS-ETMY_RH_LOWERPOWER,16.0 Hz
H1:TCS-ETMY_RH_UPPERPOWER,16.0 Hz
H1:TCS-ITMX_CO2_ISS_IN_AC_OUT_DQ,2048.0 Hz
H1:TCS-ITMX_CO2_LASERTEMPERATURE,16.0 Hz
H1:TCS-ITMX_RH_LOWERPOWER,16.0 Hz
H1:TCS-ITMX_RH_UPPERPOWER,16.0 Hz
H1:TCS-ITMY_CO2_ISS_IN_AC_OUT_DQ,2048.0 Hz
H1:TCS-ITMY_CO2_LASERTEMPERATURE,16.0 Hz
H1:TCS-ITMY_RH_LOWERPOWER,16.0 Hz
H1:TCS-ITMY_RH_UPPERPOWER,16.0 Hz
K1:CAL-MICH_DISPLACEMENT_C21,16384.0 Hz
K1:CAL-PRCL_DISPLACEMENT_C21,16384.0 Hz
L1:ASC-ADS_PIT10_DEMOD_I_OUT_DQ,256.0 Hz
L1:ASC-ADS_PIT1_DEMOD_I_OUT_DQ,256.0 Hz
L1:ASC-ADS_PIT2_DEMOD_I_OUT_DQ,256.0 Hz
L1:ASC-ADS_PIT3_DEMOD_I_OUT_DQ,256.0 Hz
L1:ASC-ADS_PIT4_DEMOD_I_OUT_DQ,256.0 Hz
L1:ASC-ADS_PIT5_DEMOD_I_OUT_DQ,256.0 Hz
L1:ASC-ADS_PIT6_DEMOD_I_OUT_DQ,256.0 Hz
L1:ASC-ADS_PIT7_DEMOD_I_OUT_DQ,256.0 Hz
L1:ASC-ADS_PIT8_DEMOD_I_OUT_DQ,256.0 Hz
L1:ASC-ADS_PIT9_DEMOD_I_OUT_DQ,256.0 Hz
L1:ASC-ADS_YAW10_DEMOD_I_OUT_DQ,256.0 Hz
L1:ASC-ADS_YAW1_DEMOD_I_OUT_DQ,256.0 Hz
L1:ASC-ADS_YAW2_DEMOD_I_OUT_DQ,256.0 Hz
L1:ASC-ADS_YAW3_DEMOD_I_OUT_DQ,256.0 Hz
L1:ASC-ADS_YAW4_DEMOD_I_OUT_DQ,256.0 Hz
L1:ASC-ADS_YAW5_DEMOD_I_OUT_DQ,256.0 Hz
L1:ASC-ADS_YAW6_DEMOD_I_OUT_DQ,256.0 Hz
L1:ASC-ADS_YAW7_DEMOD_I_OUT_DQ,256.0 Hz
L1:ASC-ADS_YAW8_DEMOD_I_OUT_DQ,256.0 Hz
L1:ASC-ADS_YAW9_DEMOD_I_OUT_DQ,256.0 Hz
L1:ASC-CHARD_P_A_OUT_DQ,256.0 Hz
L1:ASC-CHARD_P_IN1_DQ,256.0 Hz
L1:ASC-CHARD_P_INMON,16.0 Hz
L1:ASC-CHARD_P_OUT_DQ,512.0 Hz
L1:ASC-CHARD_P_OUT_DQ,512.0 Hz
L1:ASC-CHARD_Y_IN1_DQ,256.0 Hz
L1:ASC-CHARD_Y_INMON,16.0 Hz
L1:ASC-CHARD_Y_OUT_DQ,512.0 Hz
L1:ASC-CHARD_Y_OUT_DQ,512.0 Hz
L1:ASC-CSOFT_P_IN1_DQ,256.0 Hz
L1:ASC-CSOFT_P_INMON,16.0 Hz
L1:ASC-CSOFT_P_OUT_DQ,512.0 Hz
L1:ASC-CSOFT_Y_IN1_DQ,256.0 Hz
L1:ASC-CSOFT_Y_INMON,16.0 Hz
L1:ASC-CSOFT_Y_OUT_DQ,512.0 Hz
L1:ASC-DHARD_P_IN1_DQ,256.0 Hz
L1:ASC-DHARD_P_INMON,16.0 Hz
L1:ASC-DHARD_P_OUT_DQ,512.0 Hz
L1:ASC-DHARD_P_OUT_DQ,512.0 Hz
L1:ASC-DHARD_Y_IN1_DQ,256.0 Hz
L1:ASC-DHARD_Y_INMON,16.0 Hz
L1:ASC-DHARD_Y_OUT_DQ,512.0 Hz
L1:ASC-DHARD_Y_OUT_DQ,512.0 Hz
L1:ASC-DSOFT_P_IN1_DQ,256.0 Hz
L1:ASC-DSOFT_P_INMON,16.0 Hz
L1:ASC-DSOFT_P_OUT_DQ,512.0 Hz
L1:ASC-DSOFT_Y_IN1_DQ,256.0 Hz
L1:ASC-DSOFT_Y_INMON,16.0 Hz
L1:ASC-DSOFT_Y_OUT_DQ,512.0 Hz
L1:ASC-INP1_P_IN1_DQ,256.0 Hz
L1:ASC-INP1_P_IN1_DQ,256.0 Hz
L1:ASC-INP1_P_INMON,16.0 Hz
L1:ASC-INP1_P_OUT_DQ,512.0 Hz
L1:ASC-INP1_Y_IN1_DQ,256.0 Hz
L1:ASC-INP1_Y_INMON,16.0 Hz
L1:ASC-INP1_Y_OUT_DQ,512.0 Hz
L1:ASC-MICH_P_IN1_DQ,256.0 Hz
L1:ASC-MICH_P_INMON,16.0 Hz
L1:ASC-MICH_P_OUT_DQ,512.0 Hz
L1:ASC-MICH_Y_IN1_DQ,256.0 Hz
L1:ASC-MICH_Y_INMON,16.0 Hz
L1:ASC-MICH_Y_OUT_DQ,512.0 Hz
L1:ASC-PRC1_P_IN1_DQ,256.0 Hz
L1:ASC-PRC1_P_IN1_DQ,256.0 Hz
L1:ASC-PRC1_P_INMON,16.0 Hz
L1:ASC-PRC1_P_OUT_DQ,512.0 Hz
L1:ASC-PRC1_Y_IN1_DQ,256.0 Hz
L1:ASC-PRC1_Y_INMON,16.0 Hz
L1:ASC-PRC1_Y_OUT_DQ,512.0 Hz
L1:ASC-PRC2_P_IN1_DQ,256.0 Hz
L1:ASC-PRC2_P_INMON,16.0 Hz
L1:ASC-PRC2_P_OUT_DQ,512.0 Hz
L1:ASC-PRC2_Y_IN1_DQ,256.0 Hz
L1:ASC-PRC2_Y_INMON,16.0 Hz
L1:ASC-PRC2_Y_OUT_DQ,512.0 Hz
L1:ASC-SRC1_P_IN1_DQ,256.0 Hz
L1:ASC-SRC1_P_INMON,16.0 Hz
L1:ASC-SRC1_P_OUT_DQ,512.0 Hz
L1:ASC-SRC1_Y_IN1_DQ,256.0 Hz
L1:ASC-SRC1_Y_INMON,16.0 Hz
L1:ASC-SRC1_Y_OUT_DQ,512.0 Hz
L1:ASC-SRC2_P_IN1_DQ,256.0 Hz
L1:ASC-SRC2_P_INMON,16.0 Hz
L1:ASC-SRC2_P_OUT_DQ,512.0 Hz
L1:ASC-SRC2_Y_IN1_DQ,256.0 Hz
L1:ASC-SRC2_Y_INMON,16.0 Hz
L1:ASC-SRC2_Y_OUT_DQ,512.0 Hz
L1:ASC-X_TR_A_NSUM_OUT_DQ,2048.0 Hz
L1:ASC-X_TR_A_NSUM_OUT_DQ,2048.0 Hz
L1:ASC-X_TR_A_PIT_OUT_DQ,2048.0 Hz
L1:ASC-X_TR_A_YAW_OUT_DQ,2048.0 Hz
L1:ASC-X_TR_B_NSUM_OUT_DQ,2048.0 Hz
L1:ASC-X_TR_B_PIT_OUT_DQ,2048.0 Hz
L1:ASC-X_TR_B_YAW_OUT_DQ,2048.0 Hz
L1:ASC-Y_TR_A_NSUM_OUT_DQ,2048.0 Hz
L1:ASC-Y_TR_A_PIT_OUT_DQ,2048.0 Hz
L1:ASC-Y_TR_A_YAW_OUT_DQ,2048.0 Hz
L1:ASC-Y_TR_B_NSUM_OUT_DQ,2048.0 Hz
L1:ASC-Y_TR_B_PIT_OUT_DQ,2048.0 Hz
L1:ASC-Y_TR_B_YAW_OUT_DQ,2048.0 Hz
L1:CAL-PCALY_RX_PD_OUT_DQ,16384.0 Hz
L1:DCS-CALIB_STRAIN_C01_AR,16384.0 Hz
L1:DCS-CALIB_STRAIN_CLEAN_C01_AR,16384.0 Hz
L1:DCS-CALIB_STRAIN_CLEAN_SUB60HZ_C01_AR,16384.0 Hz
L1:DMT-DQ_VECTOR_GATED,16.0 Hz
L1:HPI-BS_BLND_L4C_HP_IN1_DQ,1024.0 Hz
L1:HPI-BS_BLND_L4C_RX_IN1_DQ,1024.0 Hz
L1:HPI-BS_BLND_L4C_RY_IN1_DQ,1024.0 Hz
L1:HPI-BS_BLND_L4C_RZ_IN1_DQ,1024.0 Hz
L1:HPI-BS_BLND_L4C_VP_IN1_DQ,1024.0 Hz
L1:HPI-BS_BLND_L4C_X_IN1_DQ,1024.0 Hz
L1:HPI-BS_BLND_L4C_Y_IN1_DQ,1024.0 Hz
L1:HPI-BS_BLND_L4C_Z_IN1_DQ,1024.0 Hz
L1:HPI-ETMX_BLND_L4C_HP_IN1_DQ,1024.0 Hz
L1:HPI-ETMX_BLND_L4C_RX_IN1_DQ,1024.0 Hz
L1:HPI-ETMX_BLND_L4C_RY_IN1_DQ,1024.0 Hz
L1:HPI-ETMX_BLND_L4C_RZ_IN1_DQ,1024.0 Hz
L1:HPI-ETMX_BLND_L4C_VP_IN1_DQ,1024.0 Hz
L1:HPI-ETMX_BLND_L4C_X_IN1_DQ,1024.0 Hz
L1:HPI-ETMX_BLND_L4C_Y_IN1_DQ,1024.0 Hz
L1:HPI-ETMX_BLND_L4C_Z_IN1_DQ,1024.0 Hz
L1:HPI-ETMY_BLND_L4C_HP_IN1_DQ,1024.0 Hz
L1:HPI-ETMY_BLND_L4C_RX_IN1_DQ,1024.0 Hz
L1:HPI-ETMY_BLND_L4C_RY_IN1_DQ,1024.0 Hz
L1:HPI-ETMY_BLND_L4C_RZ_IN1_DQ,1024.0 Hz
L1:HPI-ETMY_BLND_L4C_VP_IN1_DQ,1024.0 Hz
L1:HPI-ETMY_BLND_L4C_X_IN1_DQ,1024.0 Hz
L1:HPI-ETMY_BLND_L4C_Y_IN1_DQ,1024.0 Hz
L1:HPI-ETMY_BLND_L4C_Z_IN1_DQ,1024.0 Hz
L1:HPI-HAM1_BLND_L4C_HP_IN1_DQ,1024.0 Hz
L1:HPI-HAM1_BLND_L4C_RX_IN1_DQ,1024.0 Hz
L1:HPI-HAM1_BLND_L4C_RX_IN1_DQ,1024.0 Hz
L1:HPI-HAM1_BLND_L4C_RY_IN1_DQ,1024.0 Hz
L1:HPI-HAM1_BLND_L4C_RY_IN1_DQ,1024.0 Hz
L1:HPI-HAM1_BLND_L4C_RZ_IN1_DQ,1024.0 Hz
L1:HPI-HAM1_BLND_L4C_RZ_IN1_DQ,1024.0 Hz
L1:HPI-HAM1_BLND_L4C_VP_IN1_DQ,1024.0 Hz
L1:HPI-HAM1_BLND_L4C_X_IN1_DQ,1024.0 Hz
L1:HPI-HAM1_BLND_L4C_X_IN1_DQ,1024.0 Hz
L1:HPI-HAM1_BLND_L4C_Y_IN1_DQ,1024.0 Hz
L1:HPI-HAM1_BLND_L4C_Y_IN1_DQ,1024.0 Hz
L1:HPI-HAM1_BLND_L4C_Z_IN1_DQ,1024.0 Hz
L1:HPI-HAM1_BLND_L4C_Z_IN1_DQ,1024.0 Hz
L1:HPI-HAM2_BLND_L4C_HP_IN1_DQ,1024.0 Hz
L1:HPI-HAM2_BLND_L4C_RX_IN1_DQ,1024.0 Hz
L1:HPI-HAM2_BLND_L4C_RY_IN1_DQ,1024.0 Hz
L1:HPI-HAM2_BLND_L4C_RZ_IN1_DQ,1024.0 Hz
L1:HPI-HAM2_BLND_L4C_VP_IN1_DQ,1024.0 Hz
L1:HPI-HAM2_BLND_L4C_X_IN1_DQ,1024.0 Hz
L1:HPI-HAM2_BLND_L4C_Y_IN1_DQ,1024.0 Hz
L1:HPI-HAM2_BLND_L4C_Z_IN1_DQ,1024.0 Hz
L1:HPI-HAM3_BLND_L4C_HP_IN1_DQ,1024.0 Hz
L1:HPI-HAM3_BLND_L4C_RX_IN1_DQ,1024.0 Hz
L1:HPI-HAM3_BLND_L4C_RY_IN1_DQ,1024.0 Hz
L1:HPI-HAM3_BLND_L4C_RZ_IN1_DQ,1024.0 Hz
L1:HPI-HAM3_BLND_L4C_VP_IN1_DQ,1024.0 Hz
L1:HPI-HAM3_BLND_L4C_X_IN1_DQ,1024.0 Hz
L1:HPI-HAM3_BLND_L4C_Y_IN1_DQ,1024.0 Hz
L1:HPI-HAM3_BLND_L4C_Z_IN1_DQ,1024.0 Hz
L1:HPI-HAM4_BLND_L4C_HP_IN1_DQ,1024.0 Hz
L1:HPI-HAM4_BLND_L4C_RX_IN1_DQ,1024.0 Hz
L1:HPI-HAM4_BLND_L4C_RY_IN1_DQ,1024.0 Hz
L1:HPI-HAM4_BLND_L4C_RZ_IN1_DQ,1024.0 Hz
L1:HPI-HAM4_BLND_L4C_VP_IN1_DQ,1024.0 Hz
L1:HPI-HAM4_BLND_L4C_X_IN1_DQ,1024.0 Hz
L1:HPI-HAM4_BLND_L4C_Y_IN1_DQ,1024.0 Hz
L1:HPI-HAM4_BLND_L4C_Z_IN1_DQ,1024.0 Hz
L1:HPI-HAM5_BLND_L4C_HP_IN1_DQ,1024.0 Hz
L1:HPI-HAM5_BLND_L4C_RX_IN1_DQ,1024.0 Hz
L1:HPI-HAM5_BLND_L4C_RY_IN1_DQ,1024.0 Hz
L1:HPI-HAM5_BLND_L4C_RZ_IN1_DQ,1024.0 Hz
L1:HPI-HAM5_BLND_L4C_VP_IN1_DQ,1024.0 Hz
L1:HPI-HAM5_BLND_L4C_X_IN1_DQ,1024.0 Hz
L1:HPI-HAM5_BLND_L4C_Y_IN1_DQ,1024.0 Hz
L1:HPI-HAM5_BLND_L4C_Z_IN1_DQ,1024.0 Hz
L1:HPI-HAM6_BLND_L4C_HP_IN1_DQ,1024.0 Hz
L1:HPI-HAM6_BLND_L4C_RX_IN1_DQ,1024.0 Hz
L1:HPI-HAM6_BLND_L4C_RY_IN1_DQ,1024.0 Hz
L1:HPI-HAM6_BLND_L4C_RZ_IN1_DQ,1024.0 Hz
L1:HPI-HAM6_BLND_L4C_VP_IN1_DQ,1024.0 Hz
L1:HPI-HAM6_BLND_L4C_X_IN1_DQ,1024.0 Hz
L1:HPI-HAM6_BLND_L4C_Y_IN1_DQ,1024.0 Hz
L1:HPI-HAM6_BLND_L4C_Z_IN1_DQ,1024.0 Hz
L1:HPI-ITMX_BLND_L4C_HP_IN1_DQ,1024.0 Hz
L1:HPI-ITMX_BLND_L4C_RX_IN1_DQ,1024.0 Hz
L1:HPI-ITMX_BLND_L4C_RY_IN1_DQ,1024.0 Hz
L1:HPI-ITMX_BLND_L4C_RZ_IN1_DQ,1024.0 Hz
L1:HPI-ITMX_BLND_L4C_VP_IN1_DQ,1024.0 Hz
L1:HPI-ITMX_BLND_L4C_X_IN1_DQ,1024.0 Hz
L1:HPI-ITMX_BLND_L4C_Y_IN1_DQ,1024.0 Hz
L1:HPI-ITMX_BLND_L4C_Z_IN1_DQ,1024.0 Hz
L1:HPI-ITMY_BLND_L4C_HP_IN1_DQ,1024.0 Hz
L1:HPI-ITMY_BLND_L4C_RX_IN1_DQ,1024.0 Hz
L1:HPI-ITMY_BLND_L4C_RY_IN1_DQ,1024.0 Hz
L1:HPI-ITMY_BLND_L4C_RZ_IN1_DQ,1024.0 Hz
L1:HPI-ITMY_BLND_L4C_VP_IN1_DQ,1024.0 Hz
L1:HPI-ITMY_BLND_L4C_X_IN1_DQ,1024.0 Hz
L1:HPI-ITMY_BLND_L4C_Y_IN1_DQ,1024.0 Hz
L1:HPI-ITMY_BLND_L4C_Z_IN1_DQ,1024.0 Hz
L1:IMC-MC2_TRANS_SUM_OUT_DQ,2048.0 Hz
L1:IMC-PWR_IN_OUT_DQ,2048.0 Hz
L1:ISI-BS_CAL_CART_RX_OUT_DQ,1024.0 Hz
L1:ISI-BS_CAL_CART_RY_OUT_DQ,1024.0 Hz
L1:ISI-BS_CAL_CART_RZ_OUT_DQ,1024.0 Hz
L1:ISI-BS_CAL_CART_X_OUT_DQ,1024.0 Hz
L1:ISI-BS_CAL_CART_Y_OUT_DQ,1024.0 Hz
L1:ISI-BS_CAL_CART_Z_OUT_DQ,1024.0 Hz
L1:ISI-BS_SUSPOINT_BS_EUL_L_DQ,1024.0 Hz
L1:ISI-BS_SUSPOINT_BS_EUL_P_DQ,1024.0 Hz
L1:ISI-BS_SUSPOINT_BS_EUL_R_DQ,1024.0 Hz
L1:ISI-BS_SUSPOINT_BS_EUL_T_DQ,1024.0 Hz
L1:ISI-BS_SUSPOINT_BS_EUL_V_DQ,1024.0 Hz
L1:ISI-BS_SUSPOINT_BS_EUL_Y_DQ,1024.0 Hz
L1:ISI-ETMX_CAL_CART_RX_OUT_DQ,1024.0 Hz
L1:ISI-ETMX_CAL_CART_RY_OUT_DQ,1024.0 Hz
L1:ISI-ETMX_CAL_CART_RZ_OUT_DQ,1024.0 Hz
L1:ISI-ETMX_CAL_CART_X_OUT_DQ,1024.0 Hz
L1:ISI-ETMX_CAL_CART_Y_OUT_DQ,1024.0 Hz
L1:ISI-ETMX_CAL_CART_Z_OUT_DQ,1024.0 Hz
L1:ISI-ETMX_SUSPOINT_ETMX_EUL_L_DQ,1024.0 Hz
L1:ISI-ETMX_SUSPOINT_ETMX_EUL_P_DQ,1024.0 Hz
L1:ISI-ETMX_SUSPOINT_ETMX_EUL_R_DQ,1024.0 Hz
L1:ISI-ETMX_SUSPOINT_ETMX_EUL_T_DQ,1024.0 Hz
L1:ISI-ETMX_SUSPOINT_ETMX_EUL_V_DQ,1024.0 Hz
L1:ISI-ETMX_SUSPOINT_ETMX_EUL_Y_DQ,1024.0 Hz
L1:ISI-ETMX_SUSPOINT_TMSX_EUL_L_DQ,1024.0 Hz
L1:ISI-ETMX_SUSPOINT_TMSX_EUL_P_DQ,1024.0 Hz
L1:ISI-ETMX_SUSPOINT_TMSX_EUL_R_DQ,1024.0 Hz
L1:ISI-ETMX_SUSPOINT_TMSX_EUL_T_DQ,1024.0 Hz
L1:ISI-ETMX_SUSPOINT_TMSX_EUL_V_DQ,1024.0 Hz
L1:ISI-ETMX_SUSPOINT_TMSX_EUL_Y_DQ,1024.0 Hz
L1:ISI-ETMY_CAL_CART_RX_OUT_DQ,1024.0 Hz
L1:ISI-ETMY_CAL_CART_RY_OUT_DQ,1024.0 Hz
L1:ISI-ETMY_CAL_CART_RZ_OUT_DQ,1024.0 Hz
L1:ISI-ETMY_CAL_CART_X_OUT_DQ,1024.0 Hz
L1:ISI-ETMY_CAL_CART_Y_OUT_DQ,1024.0 Hz
L1:ISI-ETMY_CAL_CART_Z_OUT_DQ,1024.0 Hz
L1:ISI-ETMY_SUSPOINT_ETMY_EUL_L_DQ,1024.0 Hz
L1:ISI-ETMY_SUSPOINT_ETMY_EUL_P_DQ,1024.0 Hz
L1:ISI-ETMY_SUSPOINT_ETMY_EUL_R_DQ,1024.0 Hz
L1:ISI-ETMY_SUSPOINT_ETMY_EUL_T_DQ,1024.0 Hz
L1:ISI-ETMY_SUSPOINT_ETMY_EUL_V_DQ,1024.0 Hz
L1:ISI-ETMY_SUSPOINT_ETMY_EUL_Y_DQ,1024.0 Hz
L1:ISI-ETMY_SUSPOINT_TMSY_EUL_L_DQ,1024.0 Hz
L1:ISI-ETMY_SUSPOINT_TMSY_EUL_P_DQ,1024.0 Hz
L1:ISI-ETMY_SUSPOINT_TMSY_EUL_R_DQ,1024.0 Hz
L1:ISI-ETMY_SUSPOINT_TMSY_EUL_T_DQ,1024.0 Hz
L1:ISI-ETMY_SUSPOINT_TMSY_EUL_V_DQ,1024.0 Hz
L1:ISI-ETMY_SUSPOINT_TMSY_EUL_Y_DQ,1024.0 Hz
L1:ISI-GND_STS_ETMX_X_DQ,512.0 Hz
L1:ISI-GND_STS_ETMX_Y_DQ,512.0 Hz
L1:ISI-GND_STS_ETMX_Z_DQ,512.0 Hz
L1:ISI-GND_STS_ETMY_X_DQ,512.0 Hz
L1:ISI-GND_STS_ETMY_Y_DQ,512.0 Hz
L1:ISI-GND_STS_ETMY_Z_DQ,512.0 Hz
L1:ISI-GND_STS_HAM2_X_DQ,512.0 Hz
L1:ISI-GND_STS_HAM2_Y_DQ,512.0 Hz
L1:ISI-GND_STS_HAM2_Z_DQ,512.0 Hz
L1:ISI-GND_STS_HAM5_X_DQ,512.0 Hz
L1:ISI-GND_STS_HAM5_Y_DQ,512.0 Hz
L1:ISI-GND_STS_HAM5_Z_DQ,512.0 Hz
L1:ISI-GND_STS_ITMY_X_DQ,512.0 Hz
L1:ISI-GND_STS_ITMY_Y_DQ,512.0 Hz
L1:ISI-GND_STS_ITMY_Z_BLRMS_30M_100M,16.0 Hz
L1:ISI-GND_STS_ITMY_Z_DQ,512.0 Hz
L1:ISI-HAM2_SUSPOINT_IM1_EUL_L_DQ,1024.0 Hz
L1:ISI-HAM2_SUSPOINT_IM1_EUL_P_DQ,1024.0 Hz
L1:ISI-HAM2_SUSPOINT_IM1_EUL_R_DQ,1024.0 Hz
L1:ISI-HAM2_SUSPOINT_IM1_EUL_T_DQ,1024.0 Hz
L1:ISI-HAM2_SUSPOINT_IM1_EUL_V_DQ,1024.0 Hz
L1:ISI-HAM2_SUSPOINT_IM1_EUL_Y_DQ,1024.0 Hz
L1:ISI-HAM2_SUSPOINT_IM2_EUL_L_DQ,1024.0 Hz
L1:ISI-HAM2_SUSPOINT_IM2_EUL_P_DQ,1024.0 Hz
L1:ISI-HAM2_SUSPOINT_IM2_EUL_R_DQ,1024.0 Hz
L1:ISI-HAM2_SUSPOINT_IM2_EUL_T_DQ,1024.0 Hz
L1:ISI-HAM2_SUSPOINT_IM2_EUL_V_DQ,1024.0 Hz
L1:ISI-HAM2_SUSPOINT_IM2_EUL_Y_DQ,1024.0 Hz
L1:ISI-HAM2_SUSPOINT_IM3_EUL_L_DQ,1024.0 Hz
L1:ISI-HAM2_SUSPOINT_IM3_EUL_P_DQ,1024.0 Hz
L1:ISI-HAM2_SUSPOINT_IM3_EUL_R_DQ,1024.0 Hz
L1:ISI-HAM2_SUSPOINT_IM3_EUL_T_DQ,1024.0 Hz
L1:ISI-HAM2_SUSPOINT_IM3_EUL_V_DQ,1024.0 Hz
L1:ISI-HAM2_SUSPOINT_IM3_EUL_Y_DQ,1024.0 Hz
L1:ISI-HAM2_SUSPOINT_IM4_EUL_L_DQ,1024.0 Hz
L1:ISI-HAM2_SUSPOINT_IM4_EUL_P_DQ,1024.0 Hz
L1:ISI-HAM2_SUSPOINT_IM4_EUL_R_DQ,1024.0 Hz
L1:ISI-HAM2_SUSPOINT_IM4_EUL_T_DQ,1024.0 Hz
L1:ISI-HAM2_SUSPOINT_IM4_EUL_V_DQ,1024.0 Hz
L1:ISI-HAM2_SUSPOINT_IM4_EUL_Y_DQ,1024.0 Hz
L1:ISI-HAM2_SUSPOINT_MC1_EUL_L_DQ,1024.0 Hz
L1:ISI-HAM2_SUSPOINT_MC1_EUL_P_DQ,1024.0 Hz
L1:ISI-HAM2_SUSPOINT_MC1_EUL_R_DQ,1024.0 Hz
L1:ISI-HAM2_SUSPOINT_MC1_EUL_T_DQ,1024.0 Hz
L1:ISI-HAM2_SUSPOINT_MC1_EUL_V_DQ,1024.0 Hz
L1:ISI-HAM2_SUSPOINT_MC1_EUL_Y_DQ,1024.0 Hz
L1:ISI-HAM2_SUSPOINT_MC3_EUL_L_DQ,1024.0 Hz
L1:ISI-HAM2_SUSPOINT_MC3_EUL_P_DQ,1024.0 Hz
L1:ISI-HAM2_SUSPOINT_MC3_EUL_R_DQ,1024.0 Hz
L1:ISI-HAM2_SUSPOINT_MC3_EUL_T_DQ,1024.0 Hz
L1:ISI-HAM2_SUSPOINT_MC3_EUL_V_DQ,1024.0 Hz
L1:ISI-HAM2_SUSPOINT_MC3_EUL_Y_DQ,1024.0 Hz
L1:ISI-HAM2_SUSPOINT_PR3_EUL_L_DQ,1024.0 Hz
L1:ISI-HAM2_SUSPOINT_PR3_EUL_P_DQ,1024.0 Hz
L1:ISI-HAM2_SUSPOINT_PR3_EUL_R_DQ,1024.0 Hz
L1:ISI-HAM2_SUSPOINT_PR3_EUL_T_DQ,1024.0 Hz
L1:ISI-HAM2_SUSPOINT_PR3_EUL_V_DQ,1024.0 Hz
L1:ISI-HAM2_SUSPOINT_PR3_EUL_Y_DQ,1024.0 Hz
L1:ISI-HAM2_SUSPOINT_PRM_EUL_L_DQ,1024.0 Hz
L1:ISI-HAM2_SUSPOINT_PRM_EUL_P_DQ,1024.0 Hz
L1:ISI-HAM2_SUSPOINT_PRM_EUL_R_DQ,1024.0 Hz
L1:ISI-HAM2_SUSPOINT_PRM_EUL_T_DQ,1024.0 Hz
L1:ISI-HAM2_SUSPOINT_PRM_EUL_V_DQ,1024.0 Hz
L1:ISI-HAM2_SUSPOINT_PRM_EUL_Y_DQ,1024.0 Hz
L1:ISI-HAM3_SUSPOINT_MC2_EUL_L_DQ,1024.0 Hz
L1:ISI-HAM3_SUSPOINT_MC2_EUL_P_DQ,1024.0 Hz
L1:ISI-HAM3_SUSPOINT_MC2_EUL_R_DQ,1024.0 Hz
L1:ISI-HAM3_SUSPOINT_MC2_EUL_T_DQ,1024.0 Hz
L1:ISI-HAM3_SUSPOINT_MC2_EUL_V_DQ,1024.0 Hz
L1:ISI-HAM3_SUSPOINT_MC2_EUL_Y_DQ,1024.0 Hz
L1:ISI-HAM3_SUSPOINT_PR2_EUL_L_DQ,1024.0 Hz
L1:ISI-HAM3_SUSPOINT_PR2_EUL_P_DQ,1024.0 Hz
L1:ISI-HAM3_SUSPOINT_PR2_EUL_R_DQ,1024.0 Hz
L1:ISI-HAM3_SUSPOINT_PR2_EUL_T_DQ,1024.0 Hz
L1:ISI-HAM3_SUSPOINT_PR2_EUL_V_DQ,1024.0 Hz
L1:ISI-HAM3_SUSPOINT_PR2_EUL_Y_DQ,1024.0 Hz
L1:ISI-HAM4_SUSPOINT_SR2_EUL_L_DQ,1024.0 Hz
L1:ISI-HAM4_SUSPOINT_SR2_EUL_P_DQ,1024.0 Hz
L1:ISI-HAM4_SUSPOINT_SR2_EUL_R_DQ,1024.0 Hz
L1:ISI-HAM4_SUSPOINT_SR2_EUL_T_DQ,1024.0 Hz
L1:ISI-HAM4_SUSPOINT_SR2_EUL_V_DQ,1024.0 Hz
L1:ISI-HAM4_SUSPOINT_SR2_EUL_Y_DQ,1024.0 Hz
L1:ISI-HAM5_SUSPOINT_SR3_EUL_L_DQ,1024.0 Hz
L1:ISI-HAM5_SUSPOINT_SR3_EUL_P_DQ,1024.0 Hz
L1:ISI-HAM5_SUSPOINT_SR3_EUL_R_DQ,1024.0 Hz
L1:ISI-HAM5_SUSPOINT_SR3_EUL_T_DQ,1024.0 Hz
L1:ISI-HAM5_SUSPOINT_SR3_EUL_V_DQ,1024.0 Hz
L1:ISI-HAM5_SUSPOINT_SR3_EUL_Y_DQ,1024.0 Hz
L1:ISI-HAM5_SUSPOINT_SRM_EUL_L_DQ,1024.0 Hz
L1:ISI-HAM5_SUSPOINT_SRM_EUL_P_DQ,1024.0 Hz
L1:ISI-HAM5_SUSPOINT_SRM_EUL_R_DQ,1024.0 Hz
L1:ISI-HAM5_SUSPOINT_SRM_EUL_T_DQ,1024.0 Hz
L1:ISI-HAM5_SUSPOINT_SRM_EUL_V_DQ,1024.0 Hz
L1:ISI-HAM5_SUSPOINT_SRM_EUL_Y_DQ,1024.0 Hz
L1:ISI-HAM6_SUSPOINT_OM1_EUL_L_DQ,1024.0 Hz
L1:ISI-HAM6_SUSPOINT_OM1_EUL_P_DQ,1024.0 Hz
L1:ISI-HAM6_SUSPOINT_OM1_EUL_R_DQ,1024.0 Hz
L1:ISI-HAM6_SUSPOINT_OM1_EUL_T_DQ,1024.0 Hz
L1:ISI-HAM6_SUSPOINT_OM1_EUL_V_DQ,1024.0 Hz
L1:ISI-HAM6_SUSPOINT_OM1_EUL_Y_DQ,1024.0 Hz
L1:ISI-HAM6_SUSPOINT_OM2_EUL_L_DQ,1024.0 Hz
L1:ISI-HAM6_SUSPOINT_OM2_EUL_P_DQ,1024.0 Hz
L1:ISI-HAM6_SUSPOINT_OM2_EUL_R_DQ,1024.0 Hz
L1:ISI-HAM6_SUSPOINT_OM2_EUL_T_DQ,1024.0 Hz
L1:ISI-HAM6_SUSPOINT_OM2_EUL_V_DQ,1024.0 Hz
L1:ISI-HAM6_SUSPOINT_OM2_EUL_Y_DQ,1024.0 Hz
L1:ISI-HAM6_SUSPOINT_OM3_EUL_L_DQ,1024.0 Hz
L1:ISI-HAM6_SUSPOINT_OM3_EUL_P_DQ,1024.0 Hz
L1:ISI-HAM6_SUSPOINT_OM3_EUL_R_DQ,1024.0 Hz
L1:ISI-HAM6_SUSPOINT_OM3_EUL_T_DQ,1024.0 Hz
L1:ISI-HAM6_SUSPOINT_OM3_EUL_V_DQ,1024.0 Hz
L1:ISI-HAM6_SUSPOINT_OM3_EUL_Y_DQ,1024.0 Hz
L1:ISI-HAM6_SUSPOINT_OMC_EUL_L_DQ,1024.0 Hz
L1:ISI-HAM6_SUSPOINT_OMC_EUL_P_DQ,1024.0 Hz
L1:ISI-HAM6_SUSPOINT_OMC_EUL_R_DQ,1024.0 Hz
L1:ISI-HAM6_SUSPOINT_OMC_EUL_T_DQ,1024.0 Hz
L1:ISI-HAM6_SUSPOINT_OMC_EUL_V_DQ,1024.0 Hz
L1:ISI-HAM6_SUSPOINT_OMC_EUL_Y_DQ,1024.0 Hz
L1:ISI-ITMX_CAL_CART_RX_OUT_DQ,1024.0 Hz
L1:ISI-ITMX_CAL_CART_RY_OUT_DQ,1024.0 Hz
L1:ISI-ITMX_CAL_CART_RZ_OUT_DQ,1024.0 Hz
L1:ISI-ITMX_CAL_CART_X_OUT_DQ,1024.0 Hz
L1:ISI-ITMX_CAL_CART_Y_OUT_DQ,1024.0 Hz
L1:ISI-ITMX_CAL_CART_Z_OUT_DQ,1024.0 Hz
L1:ISI-ITMX_SUSPOINT_ITMX_EUL_L_DQ,1024.0 Hz
L1:ISI-ITMX_SUSPOINT_ITMX_EUL_P_DQ,1024.0 Hz
L1:ISI-ITMX_SUSPOINT_ITMX_EUL_R_DQ,1024.0 Hz
L1:ISI-ITMX_SUSPOINT_ITMX_EUL_T_DQ,1024.0 Hz
L1:ISI-ITMX_SUSPOINT_ITMX_EUL_V_DQ,1024.0 Hz
L1:ISI-ITMX_SUSPOINT_ITMX_EUL_Y_DQ,1024.0 Hz
L1:ISI-ITMY_CAL_CART_RX_OUT_DQ,1024.0 Hz
L1:ISI-ITMY_CAL_CART_RY_OUT_DQ,1024.0 Hz
L1:ISI-ITMY_CAL_CART_RZ_OUT_DQ,1024.0 Hz
L1:ISI-ITMY_CAL_CART_X_OUT_DQ,1024.0 Hz
L1:ISI-ITMY_CAL_CART_Y_OUT_DQ,1024.0 Hz
L1:ISI-ITMY_CAL_CART_Z_OUT_DQ,1024.0 Hz
L1:ISI-ITMY_SUSPOINT_ITMY_EUL_L_DQ,1024.0 Hz
L1:ISI-ITMY_SUSPOINT_ITMY_EUL_P_DQ,1024.0 Hz
L1:ISI-ITMY_SUSPOINT_ITMY_EUL_R_DQ,1024.0 Hz
L1:ISI-ITMY_SUSPOINT_ITMY_EUL_T_DQ,1024.0 Hz
L1:ISI-ITMY_SUSPOINT_ITMY_EUL_V_DQ,1024.0 Hz
L1:ISI-ITMY_SUSPOINT_ITMY_EUL_Y_DQ,1024.0 Hz
L1:LSC-DARM_IN1_DQ,16384.0 Hz
L1:LSC-DARM_OUT_DQ,16384.0 Hz
L1:LSC-MCL_IN1_DQ,16384.0 Hz
L1:LSC-MCL_OUT_DQ,16384.0 Hz
L1:LSC-MICH_IN1_DQ,16384.0 Hz
L1:LSC-MICH_IN1_DQ,16384.0 Hz
L1:LSC-MICH_OUT_DQ,16384.0 Hz
L1:LSC-POPAIR_B_RF18_I_ERR_DQ,2048.0 Hz
L1:LSC-POPAIR_B_RF18_Q_ERR_DQ,2048.0 Hz
L1:LSC-POPAIR_B_RF90_I_ERR_DQ,2048.0 Hz
L1:LSC-POPAIR_B_RF90_Q_ERR_DQ,2048.0 Hz
L1:LSC-POP_A_LF_OUT_DQ,2048.0 Hz
L1:LSC-POP_A_LF_OUT_DQ,16384.0 Hz
L1:LSC-POP_A_RF9_I_ERR_DQ,2048.0 Hz
L1:LSC-PRCL_IN1_DQ,16384.0 Hz
L1:LSC-PRCL_IN1_DQ,16384.0 Hz
L1:LSC-PRCL_OUT_DQ,16384.0 Hz
L1:LSC-PRCL_OUT_DQ,16384.0 Hz
L1:LSC-REFL_A_RF45_Q_ERR_DQ,2048.0 Hz
L1:LSC-REFL_A_RF9_Q_ERR_DQ,2048.0 Hz
L1:LSC-REFL_SERVO_CTRL_OUT_DQ,16384.0 Hz
L1:LSC-SRCL_IN1_DQ,16384.0 Hz
L1:LSC-SRCL_IN1_DQ,16384.0 Hz
L1:LSC-SRCL_OUT_DQ,16384.0 Hz
L1:OMC-ASC_ANG_X_OUT_DQ,2048.0 Hz
L1:OMC-ASC_ANG_Y_OUT_DQ,2048.0 Hz
L1:OMC-ASC_POS_X_OUT_DQ,2048.0 Hz
L1:OMC-ASC_POS_Y_OUT_DQ,2048.0 Hz
L1:OMC-LSC_SERVO_OUT_DQ,2048.0 Hz
L1:PEM-CS_ACC_BEAMTUBE_XMAN_Y_DQ,2048.0 Hz
L1:PEM-CS_ACC_BEAMTUBE_YMAN_X_DQ,2048.0 Hz
L1:PEM-CS_ACC_BSC1_ITMY_X_DQ,2048.0 Hz
L1:PEM-CS_ACC_BSC1_ITMY_Y_DQ,16384.0 Hz
L1:PEM-CS_ACC_BSC2_BS_Y_DQ,2048.0 Hz
L1:PEM-CS_ACC_BSC3_ITMX_X_DQ,16384.0 Hz
L1:PEM-CS_ACC_BSC3_ITMX_Y_DQ,2048.0 Hz
L1:PEM-CS_ACC_EBAY_FLOOR_Z_DQ,2048.0 Hz
L1:PEM-CS_ACC_HAM2_PRM_Y_DQ,2048.0 Hz
L1:PEM-CS_ACC_HAM2_PRM_Z_DQ,16384.0 Hz
L1:PEM-CS_ACC_HAM3_PR2_Y_DQ,2048.0 Hz
L1:PEM-CS_ACC_HAM4_SR2_X_DQ,2048.0 Hz
L1:PEM-CS_ACC_HAM5_SRM_X_DQ,2048.0 Hz
L1:PEM-CS_ACC_HAM6VAC_OMCCAGE_X_DQ,4096.0 Hz
L1:PEM-CS_ACC_HAM6VAC_OMCCAGE_Y_DQ,4096.0 Hz
L1:PEM-CS_ACC_HAM6VAC_OMCCAGE_Z_DQ,4096.0 Hz
L1:PEM-CS_ACC_HAM6VAC_SEPTUM_X_DQ,4096.0 Hz
L1:PEM-CS_ACC_HAM6VAC_SEPTUM_Y_DQ,4096.0 Hz
L1:PEM-CS_ACC_HAM6VAC_SEPTUM_Z_DQ,4096.0 Hz
L1:PEM-CS_ACC_HAM6_OMC_X_DQ,2048.0 Hz
L1:PEM-CS_ACC_HAM6_OMC_Z_DQ,16384.0 Hz
L1:PEM-CS_ACC_IOT1_IMC_X_DQ,2048.0 Hz
L1:PEM-CS_ACC_IOT1_IMC_Y_DQ,2048.0 Hz
L1:PEM-CS_ACC_IOT1_IMC_Z_DQ,2048.0 Hz
L1:PEM-CS_ACC_ISCT1_REFL_Y_DQ,2048.0 Hz
L1:PEM-CS_ACC_ISCT6_OMC_X_DQ,2048.0 Hz
L1:PEM-CS_ACC_LVEAFLOOR_BS_Z_DQ,2048.0 Hz
L1:PEM-CS_ACC_LVEAFLOOR_XCRYO_Z_DQ,2048.0 Hz
L1:PEM-CS_ACC_LVEAFLOOR_YCRYO_Z_DQ,2048.0 Hz
L1:PEM-CS_ACC_OPLEV_ITMX_Y_DQ,2048.0 Hz
L1:PEM-CS_ACC_OPLEV_ITMY_X_DQ,2048.0 Hz
L1:PEM-CS_ACC_PSL_PERISCOPE_X_DQ,16384.0 Hz
L1:PEM-CS_ACC_PSL_TABLE1_X_DQ,2048.0 Hz
L1:PEM-CS_ACC_PSL_TABLE1_Y_DQ,2048.0 Hz
L1:PEM-CS_ACC_PSL_TABLE1_Z_DQ,2048.0 Hz
L1:PEM-CS_ACC_PSL_TABLE2_Z_DQ,2048.0 Hz
L1:PEM-CS_LOWFMIC_LVEA_VERTEX_DQ,256.0 Hz
L1:PEM-CS_MAG_EBAY_SUSRACK_QUAD_SUM_DQ,4096.0 Hz
L1:PEM-CS_MAG_EBAY_SUSRACK_X_DQ,8192.0 Hz
L1:PEM-CS_MAG_EBAY_SUSRACK_Y_DQ,8192.0 Hz
L1:PEM-CS_MAG_EBAY_SUSRACK_Z_DQ,8192.0 Hz
L1:PEM-CS_MAG_LVEA_OUTPUTOPTICS_QUAD_SUM_DQ,4096.0 Hz
L1:PEM-CS_MAG_LVEA_OUTPUTOPTICS_X_DQ,8192.0 Hz
L1:PEM-CS_MAG_LVEA_OUTPUTOPTICS_Y_DQ,8192.0 Hz
L1:PEM-CS_MAG_LVEA_OUTPUTOPTICS_Z_DQ,8192.0 Hz
L1:PEM-CS_MAG_LVEA_VERTEX_QUAD_SUM_DQ,4096.0 Hz
L1:PEM-CS_MAG_LVEA_VERTEX_X_DQ,8192.0 Hz
L1:PEM-CS_MAG_LVEA_VERTEX_Y_DQ,8192.0 Hz
L1:PEM-CS_MAG_LVEA_VERTEX_Z_DQ,8192.0 Hz
L1:PEM-CS_MAINSMON_EBAY_1_DQ,1024.0 Hz
L1:PEM-CS_MAINSMON_EBAY_2_DQ,1024.0 Hz
L1:PEM-CS_MAINSMON_EBAY_3_DQ,1024.0 Hz
L1:PEM-CS_MIC_EBAY_RACKS_DQ,16384.0 Hz
L1:PEM-CS_MIC_LVEA_BS_DQ,16384.0 Hz
L1:PEM-CS_MIC_LVEA_INPUTOPTICS_DQ,16384.0 Hz
L1:PEM-CS_MIC_LVEA_INPUTOPTICS_DQ,16384.0 Hz
L1:PEM-CS_MIC_LVEA_OUTPUTOPTICS_DQ,16384.0 Hz
L1:PEM-CS_MIC_LVEA_XMANSPOOL_DQ,16384.0 Hz
L1:PEM-CS_MIC_LVEA_YMANSPOOL_DQ,16384.0 Hz
L1:PEM-CS_MIC_PSL_CENTER_DQ,16384.0 Hz
L1:PEM-CS_RADIO_EBAY_NARROWBAND_1_DQ,16384.0 Hz
L1:PEM-CS_RADIO_EBAY_NARROWBAND_2_DQ,16384.0 Hz
L1:PEM-CS_RADIO_LVEA_NARROWBAND_1_DQ,16384.0 Hz
L1:PEM-CS_RADIO_LVEA_NARROWBAND_2_DQ,16384.0 Hz
L1:PEM-CS_RADIO_ROOF1_BROADBAND_DQ,16384.0 Hz
L1:PEM-CS_RADIO_ROOF2_BROADBAND_DQ,16384.0 Hz
L1:PEM-EX_ACC_BSC4_ETMX_X_DQ,2048.0 Hz
L1:PEM-EX_ACC_BSC4_ETMX_Y_DQ,16384.0 Hz
L1:PEM-EX_ACC_BSC4_ETMX_Z_DQ,2048.0 Hz
L1:PEM-EX_ACC_EBAY_FLOOR_Z_DQ,2048.0 Hz
L1:PEM-EX_ACC_ISCTEX_TRANS_Y_DQ,2048.0 Hz
L1:PEM-EX_ACC_OPLEV_ETMX_Y_DQ,2048.0 Hz
L1:PEM-EX_ACC_VEA_FLOOR_Z_DQ,2048.0 Hz
L1:PEM-EX_LOWFMIC_VEA_FLOOR_DQ,256.0 Hz
L1:PEM-EX_MAG_EBAY_SUSRACK_QUAD_SUM_DQ,4096.0 Hz
L1:PEM-EX_MAG_EBAY_SUSRACK_X_DQ,8192.0 Hz
L1:PEM-EX_MAG_EBAY_SUSRACK_Y_DQ,8192.0 Hz
L1:PEM-EX_MAG_EBAY_SUSRACK_Z_DQ,8192.0 Hz
L1:PEM-EX_MAG_VEA_FLOOR_QUAD_SUM_DQ,4096.0 Hz
L1:PEM-EX_MAG_VEA_FLOOR_X_DQ,8192.0 Hz
L1:PEM-EX_MAG_VEA_FLOOR_Y_DQ,8192.0 Hz
L1:PEM-EX_MAG_VEA_FLOOR_Z_DQ,8192.0 Hz
L1:PEM-EX_MIC_EBAY_RACKS_DQ,16384.0 Hz
L1:PEM-EX_MIC_VEA_PLUSX_DQ,16384.0 Hz
L1:PEM-EY_ACC_BEAMTUBE_MAN_Y_DQ,4096.0 Hz
L1:PEM-EY_ACC_BSC5_ETMY_X_DQ,16384.0 Hz
L1:PEM-EY_ACC_BSC5_ETMY_Y_DQ,2048.0 Hz
L1:PEM-EY_ACC_BSC5_ETMY_Z_DQ,2048.0 Hz
L1:PEM-EY_ACC_EBAY_FLOOR_Z_DQ,2048.0 Hz
L1:PEM-EY_ACC_ISCTEY_TRANS_X_DQ,2048.0 Hz
L1:PEM-EY_ACC_OPLEV_ETMY_X_DQ,2048.0 Hz
L1:PEM-EY_ACC_VEA_FLOOR_Z_DQ,2048.0 Hz
L1:PEM-EY_LOWFMIC_VEA_FLOOR_DQ,256.0 Hz
L1:PEM-EY_MAG_EBAY_SUSRACK_QUAD_SUM_DQ,4096.0 Hz
L1:PEM-EY_MAG_EBAY_SUSRACK_X_DQ,8192.0 Hz
L1:PEM-EY_MAG_EBAY_SUSRACK_Y_DQ,8192.0 Hz
L1:PEM-EY_MAG_EBAY_SUSRACK_Z_DQ,8192.0 Hz
L1:PEM-EY_MAG_VEA_FLOOR_QUAD_SUM_DQ,4096.0 Hz
L1:PEM-EY_MAG_VEA_FLOOR_X_DQ,8192.0 Hz
L1:PEM-EY_MAG_VEA_FLOOR_Y_DQ,8192.0 Hz
L1:PEM-EY_MAG_VEA_FLOOR_Z_DQ,8192.0 Hz
L1:PEM-EY_MAINSMON_EBAY_1_DQ,1024.0 Hz
L1:PEM-EY_MIC_EBAY_RACKS_DQ,16384.0 Hz
L1:PEM-EY_MIC_VEA_PLUSY_DQ,16384.0 Hz
L1:PEM-EY_MIC_VEA_PLUSY_DQ,16384.0 Hz
L1:PEM-EY_VAULT_MAG_COIL_Z_DQ,4096.0 Hz
L1:PEM-EY_VAULT_MAG_LEMI_X_DQ,4096.0 Hz
L1:PEM-EY_VAULT_MAG_LEMI_X_DQ,4096.0 Hz
L1:PEM-EY_VAULT_MAG_LEMI_Y_DQ,4096.0 Hz
L1:PEM-EY_VAULT_MAG_LEMI_Y_DQ,4096.0 Hz
L1:PSL-ENV_ANTERM_RH,16.0 Hz
L1:PSL-ENV_ANTERM_TEMP_DEGC,16.0 Hz
L1:PSL-ENV_CHILLERRM_RH,16.0 Hz
L1:PSL-ENV_CHILLERRM_TEMP_DEGC,16.0 Hz
L1:PSL-ENV_DIODERM_RH,16.0 Hz
L1:PSL-ENV_DIODERM_TEMP_DEGC,16.0 Hz
L1:PSL-ENV_LASERRM_RH,16.0 Hz
L1:PSL-ENV_LASERRM_TBLN_TEMP_DEGC,16.0 Hz
L1:PSL-ENV_LVEA_TEMP_DEGC,16.0 Hz
L1:SQZ-ASC_ANG_P_OUT_DQ,256.0 Hz
L1:SQZ-ASC_ANG_Y_OUT_DQ,256.0 Hz
L1:SQZ-ASC_POS_P_OUT_DQ,256.0 Hz
L1:SQZ-ASC_POS_Y_OUT_DQ,256.0 Hz
L1:SUS-BS_M1_DAMP_L_IN1_DQ,256.0 Hz
L1:SUS-BS_M1_DAMP_P_IN1_DQ,256.0 Hz
L1:SUS-BS_M1_DAMP_V_IN1_DQ,256.0 Hz
L1:SUS-BS_M1_DAMP_V_IN1_DQ,256.0 Hz
L1:SUS-BS_M1_DAMP_Y_IN1_DQ,256.0 Hz
L1:SUS-BS_M3_OPLEV_PIT_OUT_DQ,256.0 Hz
L1:SUS-BS_M3_OPLEV_YAW_OUT_DQ,256.0 Hz
L1:SUS-ETMX_L1_CAL_LINE_OUT_DQ,512.0 Hz
L1:SUS-ETMX_L2_CAL_LINE_OUT_DQ,512.0 Hz
L1:SUS-ETMX_L3_CAL_LINE_OUT_DQ,512.0 Hz
L1:SUS-ETMX_L3_OPLEV_PIT_OUT_DQ,256.0 Hz
L1:SUS-ETMX_L3_OPLEV_YAW_OUT_DQ,256.0 Hz
L1:SUS-ETMX_M0_DAMP_L_IN1_DQ,256.0 Hz
L1:SUS-ETMX_M0_DAMP_P_IN1_DQ,256.0 Hz
L1:SUS-ETMX_M0_DAMP_V_IN1_DQ,256.0 Hz
L1:SUS-ETMX_M0_DAMP_Y_IN1_DQ,256.0 Hz
L1:SUS-ETMX_R0_DAMP_L_IN1_DQ,256.0 Hz
L1:SUS-ETMX_R0_DAMP_P_IN1_DQ,256.0 Hz
L1:SUS-ETMX_R0_DAMP_V_IN1_DQ,256.0 Hz
L1:SUS-ETMX_R0_DAMP_Y_IN1_DQ,256.0 Hz
L1:SUS-ETMY_L3_OPLEV_PIT_OUT_DQ,256.0 Hz
L1:SUS-ETMY_L3_OPLEV_YAW_OUT_DQ,256.0 Hz
L1:SUS-ETMY_M0_DAMP_L_IN1_DQ,256.0 Hz
L1:SUS-ETMY_M0_DAMP_P_IN1_DQ,256.0 Hz
L1:SUS-ETMY_M0_DAMP_V_IN1_DQ,256.0 Hz
L1:SUS-ETMY_M0_DAMP_Y_IN1_DQ,256.0 Hz
L1:SUS-ETMY_R0_DAMP_L_IN1_DQ,256.0 Hz
L1:SUS-ETMY_R0_DAMP_P_IN1_DQ,256.0 Hz
L1:SUS-ETMY_R0_DAMP_V_IN1_DQ,256.0 Hz
L1:SUS-ETMY_R0_DAMP_Y_IN1_DQ,256.0 Hz
L1:SUS-ITMX_L3_OPLEV_PIT_OUT_DQ,256.0 Hz
L1:SUS-ITMX_L3_OPLEV_YAW_OUT_DQ,256.0 Hz
L1:SUS-ITMX_M0_DAMP_L_IN1_DQ,256.0 Hz
L1:SUS-ITMX_M0_DAMP_P_IN1_DQ,256.0 Hz
L1:SUS-ITMX_M0_DAMP_V_IN1_DQ,256.0 Hz
L1:SUS-ITMX_M0_DAMP_Y_IN1_DQ,256.0 Hz
L1:SUS-ITMX_R0_DAMP_L_IN1_DQ,256.0 Hz
L1:SUS-ITMX_R0_DAMP_P_IN1_DQ,256.0 Hz
L1:SUS-ITMX_R0_DAMP_V_IN1_DQ,256.0 Hz
L1:SUS-ITMX_R0_DAMP_Y_IN1_DQ,256.0 Hz
L1:SUS-ITMY_L3_OPLEV_PIT_OUT_DQ,256.0 Hz
L1:SUS-ITMY_L3_OPLEV_YAW_OUT_DQ,256.0 Hz
L1:SUS-ITMY_M0_DAMP_L_IN1_DQ,256.0 Hz
L1:SUS-ITMY_M0_DAMP_P_IN1_DQ,256.0 Hz
L1:SUS-ITMY_M0_DAMP_V_IN1_DQ,256.0 Hz
L1:SUS-ITMY_M0_DAMP_Y_IN1_DQ,256.0 Hz
L1:SUS-ITMY_R0_DAMP_L_IN1_DQ,256.0 Hz
L1:SUS-ITMY_R0_DAMP_P_IN1_DQ,256.0 Hz
L1:SUS-ITMY_R0_DAMP_V_IN1_DQ,256.0 Hz
L1:SUS-ITMY_R0_DAMP_Y_IN1_DQ,256.0 Hz
L1:SUS-MC1_M1_DAMP_V_IN1_DQ,256.0 Hz
L1:SUS-MC1_M3_WIT_P_DQ,256.0 Hz
L1:SUS-MC1_M3_WIT_Y_DQ,256.0 Hz
L1:SUS-MC2_M1_DAMP_V_IN1_DQ,256.0 Hz
L1:SUS-MC2_M3_WIT_P_DQ,256.0 Hz
L1:SUS-MC2_M3_WIT_Y_DQ,256.0 Hz
L1:SUS-MC3_M1_DAMP_V_IN1_DQ,256.0 Hz
L1:SUS-MC3_M3_WIT_P_DQ,256.0 Hz
L1:SUS-MC3_M3_WIT_Y_DQ,256.0 Hz
L1:SUS-OM3_M1_DAMP_L_IN1_DQ,256.0 Hz
L1:SUS-OMC_M1_DAMP_L_IN1_DQ,256.0 Hz
L1:SUS-OMC_M1_DAMP_P_IN1_DQ,256.0 Hz
L1:SUS-OMC_M1_DAMP_V_IN1_DQ,256.0 Hz
L1:SUS-OMC_M1_DAMP_Y_IN1_DQ,256.0 Hz
L1:SUS-PR2_M1_DAMP_L_IN1_DQ,256.0 Hz
L1:SUS-PR2_M1_DAMP_P_IN1_DQ,256.0 Hz
L1:SUS-PR2_M1_DAMP_V_IN1_DQ,256.0 Hz
L1:SUS-PR2_M1_DAMP_Y_IN1_DQ,256.0 Hz
L1:SUS-PR2_M3_WIT_P_DQ,256.0 Hz
L1:SUS-PR2_M3_WIT_Y_DQ,256.0 Hz
L1:SUS-PR3_M1_DAMP_L_IN1_DQ,256.0 Hz
L1:SUS-PR3_M1_DAMP_P_IN1_DQ,256.0 Hz
L1:SUS-PR3_M1_DAMP_V_IN1_DQ,256.0 Hz
L1:SUS-PR3_M1_DAMP_Y_IN1_DQ,256.0 Hz
L1:SUS-PR3_M3_WIT_P_DQ,256.0 Hz
L1:SUS-PR3_M3_WIT_Y_DQ,256.0 Hz
L1:SUS-PRM_M1_DAMP_L_IN1_DQ,256.0 Hz
L1:SUS-PRM_M1_DAMP_P_IN1_DQ,256.0 Hz
L1:SUS-PRM_M1_DAMP_V_IN1_DQ,256.0 Hz
L1:SUS-PRM_M1_DAMP_Y_IN1_DQ,256.0 Hz
L1:SUS-PRM_M3_WIT_P_DQ,256.0 Hz
L1:SUS-PRM_M3_WIT_Y_DQ,256.0 Hz
L1:SUS-SR2_M1_DAMP_L_IN1_DQ,256.0 Hz
L1:SUS-SR2_M1_DAMP_P_IN1_DQ,256.0 Hz
L1:SUS-SR2_M1_DAMP_V_IN1_DQ,256.0 Hz
L1:SUS-SR2_M1_DAMP_Y_IN1_DQ,256.0 Hz
L1:SUS-SR2_M3_WIT_P_DQ,256.0 Hz
L1:SUS-SR2_M3_WIT_Y_DQ,256.0 Hz
L1:SUS-SR3_M1_DAMP_L_IN1_DQ,256.0 Hz
L1:SUS-SR3_M1_DAMP_P_IN1_DQ,256.0 Hz
L1:SUS-SR3_M1_DAMP_V_IN1_DQ,256.0 Hz
L1:SUS-SR3_M1_DAMP_Y_IN1_DQ,256.0 Hz
L1:SUS-SR3_M3_WIT_P_DQ,256.0 Hz
L1:SUS-SR3_M3_WIT_Y_DQ,256.0 Hz
L1:SUS-SRM_M1_DAMP_L_IN1_DQ,256.0 Hz
L1:SUS-SRM_M1_DAMP_P_IN1_DQ,256.0 Hz
L1:SUS-SRM_M1_DAMP_V_IN1_DQ,256.0 Hz
L1:SUS-SRM_M1_DAMP_Y_IN1_DQ,256.0 Hz
L1:SUS-SRM_M3_WIT_P_DQ,256.0 Hz
L1:SUS-SRM_M3_WIT_Y_DQ,256.0 Hz
L1:SUS-TMSX_M1_DAMP_L_IN1_DQ,256.0 Hz
L1:SUS-TMSX_M1_DAMP_P_IN1_DQ,256.0 Hz
L1:SUS-TMSX_M1_DAMP_V_IN1_DQ,256.0 Hz
L1:SUS-TMSX_M1_DAMP_Y_IN1_DQ,256.0 Hz
L1:SUS-TMSY_M1_DAMP_L_IN1_DQ,256.0 Hz
L1:SUS-TMSY_M1_DAMP_P_IN1_DQ,256.0 Hz
L1:SUS-TMSY_M1_DAMP_V_IN1_DQ,256.0 Hz
L1:SUS-TMSY_M1_DAMP_Y_IN1_DQ,256.0 Hz
L1:TCS-ETMX_RH_LOWERPOWER,16.0 Hz
L1:TCS-ETMX_RH_UPPERPOWER,16.0 Hz
L1:TCS-ETMY_RH_LOWERPOWER,16.0 Hz
L1:TCS-ETMY_RH_UPPERPOWER,16.0 Hz
L1:TCS-ITMX_CO2_ISS_IN_AC_OUT_DQ,2048.0 Hz
L1:TCS-ITMX_CO2_LASERTEMPERATURE,16.0 Hz
L1:TCS-ITMX_RH_LOWERPOWER,16.0 Hz
L1:TCS-ITMX_RH_UPPERPOWER,16.0 Hz
L1:TCS-ITMY_CO2_ISS_IN_AC_OUT_DQ,2048.0 Hz
L1:TCS-ITMY_CO2_LASERTEMPERATURE,16.0 Hz
L1:TCS-ITMY_RH_LOWERPOWER,16.0 Hz
L1:TCS-ITMY_RH_UPPERPOWER,16.0 Hz
V1:Hrec_hoft_16384Hz_AR,16384.0 Hz
V1:Hrec_hoft_V1O3ARepro1A_16384Hz_AR,16384.0 Hz
